"Name","CASRN","SMILES","exactMass","DTXSID","Actual","Predicted","Probability"
"17beta-Estradiol","50-28-2","[H][C@@]12CC[C@H](O)[C@@]1(C)CC[C@]1([H])C3=CC=C(O)C=C3CC[C@@]21[H]",272.17763,"DTXSID0020573",1,1,0.669421851634979
"Dimethipin","55290-64-7","CC1=C(C)S(=O)(=O)CCS1(=O)=O",210.002051,"DTXSID0024052",1,1,0.68716162443161
"Medroxyprogesterone acetate","71-58-9","[H][C@@]12CC[C@](OC(C)=O)(C(C)=O)[C@@]1(C)CC[C@@]1([H])[C@@]2([H])C[C@H](C)C2=CC(=O)CC[C@]12C",386.24571,"DTXSID0025527",1,1,0.709638595581055
"Prallethrin","23031-36-9","CC(C)=CC1C(C(=O)OC2CC(=O)C(CC#C)=C2C)C1(C)C",300.172545,"DTXSID0032572",1,1,0.708392202854156
"17beta-Trenbolone","10161-33-8","[H][C@@]12CC[C@H](O)[C@@]1(C)C=CC1=C3CCC(=O)C=C3CC[C@@]21[H]",270.16198,"DTXSID0034192",1,1,0.663839638233185
"Ethyl (2E,4Z)-deca-2,4-dienoate","3025-30-7","CCCCC\C=C/C=C/C(=O)OCC",196.14633,"DTXSID0041357",1,0,0.412939012050629
"4,4'-Methylenebis(N,N-diglycidylaniline)","28768-32-3","C(C1CO1)N(CC1CO1)C1=CC=C(CC2=CC=C(C=C2)N(CC2CO2)CC2CO2)C=C1",422.220557,"DTXSID0042248",1,1,0.560719430446625
"3-Methoxybutan-1-ol","2517-43-3","COC(C)CCO",104.08373,"DTXSID0044812",1,1,0.587072193622589
"21-Hydroxyprogesterone","64-85-7","[H][C@@]12CC[C@H](C(=O)CO)[C@@]1(C)CC[C@@]1([H])[C@@]2([H])CCC2=CC(=O)CC[C@]12C",330.219495,"DTXSID0045254",1,1,0.642045259475708
"(2E,6Z)-1,1-diethoxynona-2,6-diene","67674-36-6","CCOC(OCC)\C=C\CC\C=C/CC",212.17763,"DTXSID0047034",1,1,0.596176981925964
"(-)-Ambroxide","6790-58-5","C[C@@]12CC[C@H]3C(C)(C)CCC[C@]3(C)[C@H]1CCO2",236.214016,"DTXSID0047113",1,1,0.747915983200073
"Darbufelone mesylate","139340-56-0","CS(O)(=O)=O.CC(C)(C)C1=CC(\C=C2/SC(=N)NC2=O)=CC(=C1O)C(C)(C)C",428.143964,"DTXSID0047246",1,1,0.585502326488495
"UK-416244","402910-27-4","CSC1=CC=C(OC2=CC=C(C=C2CN(C)C)S(N)(=O)=O)C=C1C",366.107185,"DTXSID0047290",1,1,0.590977132320404
"Bisdemethoxycurcumin","33171-05-0","OC1=CC=C(\C=C\C(=O)CC(=O)\C=C\C2=CC=C(O)C=C2)C=C1",308.104859,"DTXSID00872663",1,1,0.581557929515839
"4-(1,1-Dimethylethyl)phenol","98-54-4","CC(C)(C)C1=CC=C(O)C=C1",150.104465,"DTXSID1020221",1,1,0.500750362873077
"Tetraethylthiuram disulfide","97-77-8","CCN(CC)C(=S)SSC(=S)N(CC)CC",296.050933,"DTXSID1021322",1,1,0.724439442157745
"Benzyl salicylate","118-58-1","OC1=C(C=CC=C1)C(=O)OCC1=CC=CC=C1",228.078644,"DTXSID1024598",1,1,0.617136120796204
"Octhilinone","26530-20-1","CCCCCCCCN1SC=CC1=O",213.118735,"DTXSID1025805",1,0,0.418878555297852
"1,10-Phenanthroline","66-71-7","C1=CC2=C(N=C1)C1=C(C=CC=N1)C=C2",180.068748,"DTXSID1025857",1,1,0.726806461811066
"Bexarotene","153559-49-0","CC1=CC2=C(C=C1C(=C)C1=CC=C(C=C1)C(O)=O)C(C)(C)CCC2(C)C",348.20893,"DTXSID1040619",1,1,0.663914203643799
"1-Phenyl-2-nitropropene","705-60-2","CC(=CC1=CC=CC=C1)[N+]([O-])=O",163.063329,"DTXSID1041188",1,1,0.620445966720581
"Dibutyl decanedioate","109-43-3","CCCCOC(=O)CCCCCCCCC(=O)OCCCC",314.24571,"DTXSID1041847",1,1,0.611612439155579
"4-Ethyloct-1-yn-3-ol","5877-42-9","CCCCC(CC)C(O)C#C",154.135765,"DTXSID1044697",1,1,0.607539355754852
"(2,4,6-Trioxo-1,3,5-triazinane-1,3,5-triyl)triethane-2,1-diyl trisprop-2-enoate","40220-08-4","C=CC(=O)OCCN1C(=O)N(CCOC(=O)C=C)C(=O)N(CCOC(=O)C=C)C1=O",423.127779,"DTXSID1044936",1,1,0.735445857048035
"2-Hydroxy-3-phenoxypropyl prop-2-enoate","16969-10-1","OC(COC(=O)C=C)COC1=CC=CC=C1",222.089209,"DTXSID1044851",1,1,0.591188669204712
"2-(2,6-Diisopropylphenyl)-5-hydroxy-1H-isoindole-1,3-dione","105624-86-0","CC(C)C1=CC=CC(C(C)C)=C1N1C(=O)C2=C(C=C(O)C=C2)C1=O",323.152144,"DTXSID1046970",1,1,0.518953382968903
"trans,cis-2,6-Nonadienal","557-48-2","CC\C=C/CC\C=C\C=O",138.104465,"DTXSID1047104",1,0,0.451036512851715
"CP-728663","368832-42-2","CC[C@H]1CC[C@H](NCC2=CC3=C(C=C2OC)[C@H]2C[C@H]2C(=O)N3C)[C@@H](N1)C1=CC=CC=C1",419.257277,"DTXSID1047283",1,0,0.473021149635315
"SSR150106","NOCAS_47362","CCOC(=O)[C@@]1(OC2=CC=CC=C2[C@@H]1N)C1=CC=CC=C1",283.120843,"DTXSID1047362",1,1,0.626766860485077
"Hexestrol","84-16-2","CC[C@@H]([C@@H](CC)C1=CC=C(O)C=C1)C1=CC=C(O)C=C1",270.16198,"DTXSID2022381",1,1,0.714982450008392
"Limonene dimercaptan","4802-20-4","CC(CS)C1CCC(C)C(S)C1",204.100643,"DTXSID2025501",1,1,0.678411424160004
"Pentaerythritol triacrylate","3524-68-3","OCC(COC(=O)C=C)(COC(=O)C=C)COC(=O)C=C",298.105253,"DTXSID2025842",1,1,0.517386436462402
"Pyrazineethanethiol","35250-53-4","SCCC1=CN=CC=N1",140.040819,"DTXSID2025977",1,1,0.731569826602936
"N-Phenyl-1-naphthylamine","90-30-2","N(C1=CC=CC=C1)C1=C2C=CC=CC2=CC=C1",219.104799,"DTXSID2025892",1,1,0.58228611946106
"1,4-Diisopropylbenzene","100-18-5","CC(C)C1=CC=C(C=C1)C(C)C",162.140851,"DTXSID2026652",1,1,0.681898891925812
"2-(8-Heptadecenyl)-2-imidazoline-1-ethanol","95-38-5","CCCCCCCCC=CCCCCCCCC1=NCCN1CCO",350.329714,"DTXSID2036112",1,1,0.650478780269623
"4,4',4''-Ethane-1,1,1-triyltriphenol","27955-94-8","CC(C1=CC=C(O)C=C1)(C1=CC=C(O)C=C1)C1=CC=C(O)C=C1",306.125594,"DTXSID2037712",1,1,0.628927767276764
"Bitertanol","55179-31-2","CC(C)(C)C(O)C(OC1=CC=C(C=C1)C1=CC=CC=C1)N1C=NC=N1",337.179027,"DTXSID2037502",1,1,0.698492467403412
"Parbenate","10287-53-3","CCOC(=O)C1=CC=C(C=C1)N(C)C",193.110279,"DTXSID2044763",1,1,0.615649998188019
"2,2',2''-[Methanetriyltris(benzene-4,1-diyloxymethanediyl)]trioxirane","66072-38-6","C(OC1=CC=C(C=C1)C(C1=CC=C(OCC2CO2)C=C1)C1=CC=C(OCC2CO2)C=C1)C1CO1",460.188589,"DTXSID2044971",1,1,0.576515257358551
"CJ-013610","249296-43-3","CS(O)(=O)=O.CC1=NC=CN1C1=CC=C(SC2=CC=CC(=C2)C2(CCOCC2)C(N)=O)C=C1",489.139213,"DTXSID2047272",1,1,0.637761294841766
"Androsterone","53-41-8","[H][C@@]12CCC(=O)[C@@]1(C)CC[C@@]1([H])[C@@]2([H])CC[C@@]2([H])C[C@H](O)CC[C@]12C",290.22458,"DTXSID3036525",1,1,0.720963835716248
"2,5-Di-tert-butylcyclohexa-2,5-diene-1,4-dione","2460-77-7","CC(C)(C)C1=CC(=O)C(=CC1=O)C(C)(C)C",220.14633,"DTXSID3044889",1,1,0.666495800018311
"Biphenyl","92-52-4","C1=CC=C(C=C1)C1=CC=CC=C1",154.07825,"DTXSID4020161",1,1,0.64129626750946
"Lynestrenol","52-76-6","[H][C@@]12CC[C@@](O)(C#C)[C@@]1(C)CC[C@]1([H])[C@@]3([H])CCCC=C3CC[C@@]21[H]",284.214016,"DTXSID4021478",1,1,0.616571128368378
"Methyl styryl ketone","122-57-6","CC(=O)C=CC1=CC=CC=C1",146.073165,"DTXSID4025662",1,1,0.69014185667038
"Tris(2,3-epoxypropyl)isocyanurate","2451-62-9","O=C1N(CC2CO2)C(=O)N(CC2CO2)C(=O)N1CC1CO1",297.096085,"DTXSID4026262",1,1,0.700089812278748
"Acetylcedrene","32388-55-9","[H][C@]12C[C@@]3(CC(C(C)=O)=C1C)[C@H](C)CC[C@@]3([H])C2(C)C",246.198365,"DTXSID4029353",1,1,0.681342780590057
"4,4'-Methylenebis(2,6-diethylaniline)","13680-35-8","CCC1=CC(CC2=CC(CC)=C(N)C(CC)=C2)=CC(CC)=C1N",310.240899,"DTXSID4048191",1,1,0.495925456285477
"Glycerol tributyrate","60-01-5","CCCC(=O)OCC(COC(=O)CCC)OC(=O)CCC",302.172939,"DTXSID4052267",1,1,0.580325603485107
"BPS-MPE4","63134-33-8","OC1=C(C=CC=C1)S(=O)(=O)C1=CC=C(OCC2=CC=CC=C2)C=C1",340.07693,"DTXSID4058655",1,1,0.701183080673218
"17alpha-Ethinylestradiol","57-63-6","[H][C@@]12CC[C@@](O)(C#C)[C@@]1(C)CC[C@]1([H])C3=C(CC[C@@]21[H])C=C(O)C=C3",296.17763,"DTXSID5020576",1,1,0.61482846736908
"4-(Diethylamino)salicylaldehyde","17754-90-4","CCN(CC)C1=CC=C(C=O)C(O)=C1",193.110279,"DTXSID5022271",1,1,0.511633694171906
"4,4'-(9H-Fluorene-9,9-diyl)diphenol","3236-71-3","OC1=CC=C(C=C1)C1(C2=C(C=CC=C2)C2=C1C=CC=C2)C1=CC=C(O)C=C1",350.13068,"DTXSID5037731",1,1,0.598306238651276
"AM580","102121-60-8","CC1(C)CCC(C)(C)C2=C1C=CC(=C2)C(=O)NC1=CC=C(C=C1)C(O)=O",351.183444,"DTXSID5040758",1,1,0.581789433956146
"2,5-Bis(2-methylbutan-2-yl)benzene-1,4-diol","79-74-3","CCC(C)(C)C1=CC(O)=C(C=C1O)C(C)(C)CC",250.19328,"DTXSID5044992",1,0,0.432466775178909
"2-Ethylanthraquinone","84-51-5","CCC1=CC2=C(C=C1)C(=O)C1=C(C=CC=C1)C2=O",236.08373,"DTXSID5044994",1,1,0.620543718338013
"4-Thiocresol","106-45-6","CC1=CC=C(S)C=C1",124.034671,"DTXSID5048188",1,1,0.732523858547211
"4,4'-(1-Phenylethylidene)bisphenol","1571-75-1","CC(C1=CC=CC=C1)(C1=CC=C(O)C=C1)C1=CC=C(O)C=C1",290.13068,"DTXSID5051444",1,1,0.657264947891235
"Retinol acetate","127-47-9","CC(=O)OC\C=C(/C)\C=C\C=C(/C)\C=C\C1=C(C)CCCC1(C)C",328.24023,"DTXSID6021240",1,1,0.570307314395905
"Rotenone","83-79-4","[H][C@@]12COC3=C(C=C(OC)C(OC)=C3)[C@]1([H])C(=O)C1=CC=C3O[C@H](CC3=C1O2)C(C)=C",394.141638,"DTXSID6021248",1,1,0.605455756187439
"Bisphenol A diglycidyl ether","1675-54-3","CC(C)(C1=CC=C(OCC2CO2)C=C1)C1=CC=C(OCC2CO2)C=C1",340.167459,"DTXSID6024624",1,1,0.646564126014709
"Cycloheximide","66-81-9","[H][C@]1(C[C@@H](C)C[C@H](C)C1=O)[C@H](O)CC1CC(=O)NC(=O)C1",281.162708,"DTXSID6024882",1,1,0.725993394851685
"2,6-Di-tert-butylphenol","128-39-2","CC(C)(C)C1=CC=CC(=C1O)C(C)(C)C",206.167065,"DTXSID6027052",1,1,0.53932249546051
"2-(Thiocyanomethylthio)benzothiazole","21564-17-0","N#CSCSC1=NC2=CC=CC=C2S1",237.969312,"DTXSID6032647",1,1,0.703984677791595
"Spironolactone","52-01-7","[H][C@@]12CC[C@@]3(CCC(=O)O3)[C@@]1(C)CC[C@@]1([H])[C@@]2([H])[C@@H](CC2=CC(=O)CC[C@]12C)SC(C)=O",416.202131,"DTXSID6034186",1,1,0.650937795639038
"9,12-Tetradecadien-1-ol, 1-acetate, (9E,12Z)-","31654-77-0","C\C=C/C\C=C\CCCCCCCCOC(C)=O",252.20893,"DTXSID6035285",1,1,0.744105100631714
"3-(4-tert-Butylphenyl)propanal","18127-01-0","CC(C)(C)C1=CC=C(CCC=O)C=C1",190.135765,"DTXSID6044808",1,1,0.682685792446136
"Methyl linoleate","112-63-0","CCCCC\C=C/C\C=C/CCCCCCCC(=O)OC",294.25588,"DTXSID7020843",1,1,0.596327304840088
"Retinoic acid","302-79-4","C\C(\C=C\C1=C(C)CCCC1(C)C)=C/C=C/C(/C)=C/C(O)=O",300.20893,"DTXSID7021239",1,1,0.612854540348053
"Pendimethalin","40487-42-1","CCC(CC)NC1=C(C=C(C)C(C)=C1[N+]([O-])=O)[N+]([O-])=O",281.137556,"DTXSID7024245",1,1,0.565323233604431
"Benzohydroxamic acid","495-18-1","ONC(=O)C1=CC=CC=C1",137.047678,"DTXSID7025421",1,1,0.640706658363342
"Linolenic acid","463-40-1","CC\C=C/C\C=C/C\C=C/CCCCCCCC(O)=O",278.22458,"DTXSID7025506",1,1,0.511021375656128
"Tripropylene glycol diacrylate","42978-66-5","CC(COC(C)COC(=O)C=C)OCC(C)OC(=O)C=C",300.157288,"DTXSID7028015",1,1,0.521372497081757
"Isocyclemone E","54464-57-2","CC1CC2=C(CC1(C)C(C)=O)C(C)(C)CCC2",234.198365,"DTXSID7031290",1,1,0.61334627866745
"1,1,3,3-Tetrabutylurea","4559-86-8","CCCCN(CCCC)C(=O)N(CCCC)CCCC",284.282764,"DTXSID7043902",1,1,0.538735568523407
"Diethylstilbestrol dipropionate","130-80-3","CCC(=O)OC1=CC=C(C=C1)C(\CC)=C(/CC)C1=CC=C(OC(=O)CC)C=C1",380.198759,"DTXSID7047146",0,0,0.291290462017059
"PharmaGSID_48166","NOCAS_48166","COC1=CC(C=O)=CC2=C1[C@H](COC(N)=O)[C@]1(OC(C)=O)ON2C[C@H]2[C@@H]1N2C(C)=O",419.132865,"DTXSID7048166",0,0,0.265160202980042
"beta-Damascone","23726-91-2","C\C=C\C(=O)C1=C(C)CCCC1(C)C",192.151415,"DTXSID7051890",0,0,0.275755643844604
"17alpha-Estradiol","57-91-0","[H][C@@]12CC[C@@H](O)[C@@]1(C)CC[C@]1([H])C3=C(CC[C@@]21[H])C=C(O)C=C3",272.17763,"DTXSID8022377",0,0,0.349628239870071
"Ethyl 2,3-epoxy-3-phenylpropionate","121-39-1","CCOC(=O)C1OC1C1=CC=CC=C1",192.078644,"DTXSID8025886",0,0,0.439007967710495
"4-(Diglycidylamino)phenyl glycidyl ether","5026-74-4","C(OC1=CC=C(C=C1)N(CC1CO1)CC1CO1)C1CO1",277.131408,"DTXSID8027585",0,1,0.500835955142975
"4,4'-(4-Methylpentane-2,2-diyl)diphenol","6807-17-6","CC(C)CC(C)(C1=CC=C(O)C=C1)C1=CC=C(O)C=C1",270.16198,"DTXSID8029282",0,0,0.220433741807938
"alpha-Amyl cinnamaldehyde","122-40-7","CCCCCC(C=O)=CC1=CC=CC=C1",202.135765,"DTXSID8029157",0,0,0.293802469968796
"Curcumin","458-37-7","COC1=CC(\C=C\C(=O)CC(=O)\C=C\C2=CC=C(O)C(OC)=C2)=CC=C1O",368.125988,"DTXSID8031077",0,0,0.314909070730209
"(3Z)-Hexenyl salicylate","65405-77-8","CC\C=C/CCOC(=O)C1=C(O)C=CC=C1",220.109944,"DTXSID8037750",0,0,0.210197925567627
"Forskolin","66575-29-9","[H][C@@]12[C@H](O)[C@H](OC(C)=O)[C@@]3(C)O[C@](C)(CC(=O)[C@]3(O)[C@@]1(C)[C@@H](O)CCC2(C)C)C=C",410.230453,"DTXSID8040484",0,0,0.246264964342117
"Orphenadrine dihydrogen citrate","4682-36-4","OC(=O)CC(O)(CC(O)=O)C(O)=O.CN(C)CCOC(C1=CC=CC=C1)C1=C(C)C=CC=C1",461.204967,"DTXSID8044678",0,0,0.353002697229385
"2,4,4'-Trihydroxybenzophenone","1470-79-7","OC1=CC=C(C=C1)C(=O)C1=CC=C(O)C=C1O",230.057909,"DTXSID8044836",0,0,0.295489609241486
"2,4,5-Trimethyl-3-oxazoline","22694-96-8","CC1OC(C)C(C)=N1",113.084064,"DTXSID8047133",0,0,0.23515373468399
"3,3'-Dimethylbisphenol A","79-97-0","CC1=CC(=CC=C1O)C(C)(C)C1=CC(C)=C(O)C=C1",256.14633,"DTXSID8047890",0,0,0.286279439926147
"1,3-Phenylenedi(4-aminophenyl ether)","2479-46-1","NC1=CC=C(OC2=CC(OC3=CC=C(N)C=C3)=CC=C2)C=C1",292.121178,"DTXSID8051914",0,0,0.250068098306656
"5-Azacytidine","320-67-2","NC1=NC(=O)N(C=N1)[C@@H]1O[C@H](CO)[C@@H](O)[C@H]1O",244.08077,"DTXSID9020116",0,0,0.358533412218094
"tert-Butyl perbenzoate","614-45-9","CC(C)(C)OOC(=O)C1=CC=CC=C1",194.094294,"DTXSID9024699",0,0,0.463054090738297
"Isobornyl methacrylate","7534-94-3","CC(=C)C(=O)O[C@H]1C[C@@H]2CC[C@@]1(C)C2(C)C",222.16198,"DTXSID9027653",0,0,0.22328408062458
"Bendiocarb","22781-23-3","CNC(=O)OC1=CC=CC2=C1OC(C)(C)O2",223.084458,"DTXSID9032327",0,0,0.340002566576004
"Sulisobenzone","4065-45-6","COC1=C(C=C(C(=O)C2=CC=CC=C2)C(O)=C1)S(O)(=O)=O",308.035459,"DTXSID2042436",0,0,0.332292020320892
"Salicylaldehyde","90-02-8","OC1=CC=CC=C1C=O",122.036779,"DTXSID1021792",0,0,0.380289196968079
"Hexamethyleneimine","111-49-9","C1CCCNCC1",99.104799,"DTXSID1026879",0,0,0.214538097381592
"2,2,6,6-Tetramethyl-4-piperidone 1-nitroxide","2896-70-0","CC1(C)CC(=O)CC(C)(C)N1[O]",170.118104,"DTXSID4044905",0,0,0.260709077119827
"Oxalic acid","144-62-7","OC(=O)C(O)=O",89.995309,"DTXSID0025816",0,0,0.375557601451874
"1,3-Dimethylol-5,5-dimethylhydantoin","6440-58-0","CC1(C)N(CO)C(=O)N(CO)C1=O",188.079707,"DTXSID8035217",0,0,0.444939434528351
"2-Hydrazino-4-(4-nitrophenyl)thiazole","26049-70-7","NNC1=NC(=CS1)C1=CC=C(C=C1)[N+]([O-])=O",236.036797,"DTXSID3020706",0,0,0.311729073524475
"Benzo[e]pyrene","192-97-2","C1=CC2=C3C=CC=C4C=CC5=CC=CC(=C2C=C1)C5=C34",252.0939,"DTXSID3023764",0,0,0.24814073741436
"Oleic acid","112-80-1","CCCCCCCC\C=C/CCCCCCCC(O)=O",282.25588,"DTXSID1025809",0,0,0.342258512973785
"Phenylacetic acid","103-82-2","OC(=O)CC1=CC=CC=C1",136.052429,"DTXSID2021656",0,0,0.399394989013672
"S-Ethyl dipropylthiocarbamate","759-94-4","CCCN(CCC)C(=O)SCC",189.118735,"DTXSID1024091",0,0,0.250844776630402
"1-Nitronaphthalene","86-57-7","[O-][N+](=O)C1=C2C=CC=CC2=CC=C1",173.047678,"DTXSID7020978",0,0,0.247098222374916
"Ethanolamine","141-43-5","NCCO",61.052764,"DTXSID6022000",0,0,0.232034936547279
"Diethyl oxalate","95-92-1","CCOC(=O)C(=O)OCC",146.057909,"DTXSID2044472",0,0,0.224552631378174
"Heptanophenone","1671-75-6","CCCCCCC(=O)C1=CC=CC=C1",190.135765,"DTXSID9048194",0,0,0.245319500565529
"Resorcinol","108-46-3","OC1=CC(O)=CC=C1",110.036779,"DTXSID2021238",0,0,0.424799770116806
"2-Ethylpropane-1,3-diol","2612-29-5","CCC(CO)CO",104.08373,"DTXSID7044897",0,0,0.445114493370056
"4-Ethylbenzaldehyde","4748-78-1","CCC1=CC=C(C=O)C=C1",134.073165,"DTXSID0047080",0,0,0.472750097513199
"Acetaminophen","103-90-2","CC(=O)NC1=CC=C(O)C=C1",151.063329,"DTXSID2020006",0,0,0.374614655971527
"Dodecyl sulfate triethanolamine salt","139-96-8","OCCN(CCO)CCO.CCCCCCCCCCCCOS(O)(=O)=O",415.260374,"DTXSID4027076",0,0,0.314348727464676
"Retinol palmitate","79-81-2","CCCCCCCCCCCCCCCC(=O)OC\C=C(/C)\C=C\C=C(/C)\C=C\C1=C(C)CCCC1(C)C",524.459331,"DTXSID1021241",0,0,0.267326951026917
"Hexanedinitrile","111-69-3","N#CCCCCC#N",108.068748,"DTXSID3021936",0,0,0.224871397018433
"Dihexyl hexanedioate","110-33-8","CCCCCCOC(=O)CCCCC(=O)OCCCCCC",314.24571,"DTXSID9026841",0,0,0.358220845460892
"5-Methyl-1H-benzotriazole","136-85-6","CC1=CC2=C(NN=N2)C=C1",133.063997,"DTXSID1038743",0,0,0.215061783790588
"Guaifenesin","93-14-1","COC1=CC=CC=C1OCC(O)CO",198.089209,"DTXSID5023114",0,1,0.59845632314682
"Glycolic acid","79-14-1","OCC(O)=O",76.016044,"DTXSID0025363",0,0,0.2372777312994
"Methyl isothiocyanate","556-61-6","CN=C=S",72.99862,"DTXSID2027204",0,0,0.412896811962128
"2-Amino-5-nitrobenzonitrile","17420-30-3","NC1=C(C=C(C=C1)[N+]([O-])=O)C#N",163.038176,"DTXSID0038839",0,0,0.307177990674973
"Phenanthrene","85-01-8","C1=CC2=C(C=C1)C1=C(C=CC=C1)C=C2",178.07825,"DTXSID6024254",0,0,0.282205432653427
"Propylene carbonate","108-32-7","CC1COC(=O)O1",102.031694,"DTXSID2026789",0,0,0.470372170209885
"(3Z)-Hex-3-en-1-yl benzoate","25152-85-6","CC\C=C/CCOC(=O)C1=CC=CC=C1",204.11503,"DTXSID3047554",0,0,0.277265518903732
"4-(Diethylamino)benzaldehyde","120-21-8","CCN(CC)C1=CC=C(C=O)C=C1",177.115364,"DTXSID0021963",0,0,0.278250992298126
"Cyclohexanone oxime","100-64-1","ON=C1CCCCC1",113.084064,"DTXSID4021842",0,0,0.302323251962662
"Saccharin","81-07-2","O=C1NS(=O)(=O)C2=C1C=CC=C2",182.999014,"DTXSID5021251",0,0,0.299058884382248
"(-)-Isolongifolene","1135-66-6","CC1(C)[C@H]2CC[C@]3(C2)C1=CCCC3(C)C",204.187801,"DTXSID1044518",0,0,0.368459224700928
"Isobutyl benzoate","120-50-3","CC(C)COC(=O)C1=CC=CC=C1",178.09938,"DTXSID6047074",0,0,0.395843476057053
"5-Methyl-2-octanone","58654-67-4","CCCC(C)CCC(C)=O",142.135765,"DTXSID4041444",0,0,0.327168941497803
"1,2,6-Hexanetriol","106-69-4","OCCCCC(O)CO",134.094294,"DTXSID0041224",0,0,0.25078758597374
"Benzyl alcohol","100-51-6","OCC1=CC=CC=C1",108.057515,"DTXSID5020152",0,0,0.270656317472458
"3,5-Dimethylpyridine","591-22-0","CC1=CC(C)=CN=C1",107.073499,"DTXSID5052254",0,0,0.222868427634239
"FR 409","138472-01-2","CC\C(=C/C(=N\O)/C(N)=O)C(C)[N+]([O-])=O",215.090606,"DTXSID2048167",0,0,0.214871644973755
"2-Ethyl-2-hexenal","645-62-5","CCCC=C(CC)C=O",126.104465,"DTXSID4025296",0,0,0.28541561961174
"Amitraz","33089-61-1","CN(C=NC1=C(C)C=C(C)C=C1)C=NC1=C(C)C=C(C)C=C1",293.189198,"DTXSID5023871",0,0,0.379566013813019
"Suxibuzone","27470-51-5","CCCCC1(COC(=O)CCC(O)=O)C(=O)N(N(C1=O)C1=CC=CC=C1)C1=CC=CC=C1",438.179087,"DTXSID6021296",0,0,0.410592585802078
"Dibenzofuran","132-64-9","O1C2=CC=CC=C2C2=C1C=CC=C2",168.057515,"DTXSID2021993",0,0,0.249201059341431
"4-Butyloxyaniline","4344-55-2","CCCCOC1=CC=C(N)C=C1",165.115364,"DTXSID4048199",0,0,0.353827118873596
"5-Ethyl-2-methylpyridine","104-90-5","CCC1=CN=C(C)C=C1",121.089149,"DTXSID7021861",0,0,0.310042768716812
"2-Benzyl-2-(dimethylamino)-1-[4-(morpholin-4-yl)phenyl]butan-1-one","119313-12-1","CCC(CC1=CC=CC=C1)(N(C)C)C(=O)C1=CC=C(C=C1)N1CCOCC1",366.230728,"DTXSID5044786",0,0,0.235406100749969
"1,2-Dimethoxybenzene","91-16-7","COC1=CC=CC=C1OC",138.06808,"DTXSID7047065",0,1,0.544109523296356
"3-Amino-1,2,4-triazole-5-thiol","16691-43-3","NC1=NC(=S)NN1",116.015667,"DTXSID7044849",0,0,0.248112812638283
"3,3,5-Trimethylcyclohexanone","873-94-9","CC1CC(=O)CC(C)(C)C1",140.120115,"DTXSID5044996",0,0,0.222548127174377
"Terpinolene","586-62-9","CC(C)=C1CCC(C)=CC1",136.125201,"DTXSID0027222",0,0,0.255066961050034
"2,5-Furandione","108-31-6","O=C1OC(=O)C=C1",98.000394,"DTXSID7024166",0,0,0.23375092446804
"Methyl 2-nonynoate","111-80-8","CCCCCCC#CC(=O)OC",168.11503,"DTXSID3047639",0,0,0.397362411022186
"1-Hexadecanol","36653-82-4","CCCCCCCCCCCCCCCCO",242.260966,"DTXSID4027991",0,0,0.331585198640823
"N-(2-Hydroxyethyl)acetamide","142-26-7","CC(=O)NCCO",103.063329,"DTXSID6044804",0,0,0.423176944255829
"Methyl linolenate","301-00-8","CC\C=C/C\C=C/C\C=C/CCCCCCCC(=O)OC",292.24023,"DTXSID5041560",0,0,0.384364247322083
"N,N'-Diethylthiourea","105-55-5","CCNC(=S)NCC",132.07212,"DTXSID8020466",0,1,0.696676671504974
"1,3-Dimethylolurea","140-95-4","OCNC(=O)NCO",120.053492,"DTXSID6025141",0,0,0.246765285730362
"N-(4-Methylpentan-2-yl)-N-phenylbenzene-1,4-diamine","61931-82-6","CC(C)CC(C)N(C1=CC=CC=C1)C1=CC=C(N)C=C1",268.193949,"DTXSID3044966",0,0,0.330122441053391
"Hydratropaldehyde","93-53-8","CC(C=O)C1=CC=CC=C1",134.073165,"DTXSID0052629",0,0,0.289201021194458
"Asulam","3337-71-1","COC(=O)NS(=O)(=O)C1=CC=C(N)C=C1",230.036128,"DTXSID8023890",0,0,0.249338775873184
"Kresoxim-methyl","143390-89-0","CO\N=C(\C(=O)OC)C1=C(COC2=C(C)C=CC=C2)C=CC=C1",313.131408,"DTXSID2032558",0,0,0.410816252231598
"2-Ethylhexyl glycidyl ether","2461-15-6","CCCCC(CC)COCC1CO1",186.16198,"DTXSID6025301",0,0,0.443598031997681
"Di-tert-butyl peroxide","110-05-4","CC(C)(C)OOC(C)(C)C",146.13068,"DTXSID2024955",0,0,0.419100999832153
"5-(5-Nitro-2-furyl)-1,3,4-oxadiazole-2-ol","2122-86-3","OC1=NN=C(O1)C1=CC=C(O1)[N+]([O-])=O",197.00727,"DTXSID5020948",0,0,0.328036516904831
"3-Isopropylphenol","618-45-1","CC(C)C1=CC=CC(O)=C1",136.088815,"DTXSID0044571",0,0,0.236232966184616
"Phenolsulfonic acid","1333-39-7","O*.OS(=O)(=O)C1=CC=CC=C1 |c:7,9,t:5,lp:0:2,2:2,4:2,5:2,m:1:9.10.11|",173.99868,"DTXSID1027390",0,0,0.305039703845978
"CP-456773","210826-40-7","CC(C)(O)C1=COC(=C1)S(=O)(=O)NC(=O)NC1=C2CCCC2=CC2=C1CCC2",404.140593,"DTXSID2047301",0,0,0.303043633699417
"2-tert-Butyl-4-ethylphenol","96-70-8","CCC1=CC(=C(O)C=C1)C(C)(C)C",178.135765,"DTXSID4044581",0,0,0.253525018692017
"Cyclohexanol","108-93-0","OC1CCCCC1",100.088815,"DTXSID4021894",0,0,0.298551678657532
"(3Z)-Hex-3-en-1-yl propanoate","33467-74-2","CC\C=C/CCOC(=O)CC",156.11503,"DTXSID6047579",0,0,0.41867071390152
"3,5-Dimethyl-1-hexyn-3-ol","107-54-0","CC(C)CC(C)(O)C#C",126.104465,"DTXSID6041472",0,0,0.401018738746643
"Hexanedihydrazide","1071-93-8","NNC(=O)CCCCC(=O)NN",174.111676,"DTXSID0044361",0,0,0.305014938116074
"Butyrophenone","495-40-9","CCCC(=O)C1=CC=CC=C1",148.088815,"DTXSID3047059",0,0,0.218668222427368
"2,4,7,9-Tetramethyl-5-decyne-4,7-diol","126-86-3","CC(C)CC(C)(O)C#CC(C)(O)CC(C)C",226.19328,"DTXSID7027041",0,1,0.514997899532318
"2-Ethylhexyl acrylate","103-11-7","CCCCC(CC)COC(=O)C=C",184.14633,"DTXSID9025297",0,0,0.355300039052963
"7-(Dimethylamino)-4-methylcoumarin","87-01-4","CN(C)C1=CC2=C(C=C1)C(C)=CC(=O)O2",203.094629,"DTXSID6041422",0,0,0.389942705631256
"1-Butoxy-2-propanol","5131-66-8","CCCCOCC(C)O",132.11503,"DTXSID8027589",0,0,0.313276261091232
"Glycidyl methacrylate","106-91-2","CC(=C)C(=O)OCC1CO1",142.062994,"DTXSID0025361",0,0,0.226239085197449
"2,3-Dihydroxynaphthalene","92-44-4","OC1=CC2=C(C=CC=C2)C=C1O",160.052429,"DTXSID2043903",0,0,0.276930421590805
"6-Methylquinoline","91-62-3","CC1=CC2=CC=CN=C2C=C1",143.073499,"DTXSID3020887",0,0,0.447086751461029
"m-Xylene","108-38-3","CC1=CC(C)=CC=C1",106.07825,"DTXSID6026298",0,0,0.458937674760818
"C.I. Solvent Red 49","509-34-2","CCN(CC)C1=CC=C2C(OC3=CC(=CC=C3C22OC(=O)C3=CC=CC=C23)N(CC)CC)=C1",442.225643,"DTXSID3041744",0,0,0.331113666296005
"Toluene 2,4-diisocyanate","584-84-9","CC1=CC=C(C=C1N=C=O)N=C=O",174.042927,"DTXSID7026156",0,0,0.270122319459915
"Hydrazinecarboxylic acid, phenylmethyl ester","5331-43-1","NNC(=O)OCC1=CC=CC=C1",166.074228,"DTXSID1047447",0,0,0.27906122803688
"Benzyl benzoate","120-51-4","O=C(OCC1=CC=CC=C1)C1=CC=CC=C1",212.08373,"DTXSID8029153",0,0,0.25489154458046
"Diallylamine","124-02-7","C=CCNCC=C",97.089149,"DTXSID1024918",0,0,0.228263527154922
"2-Methyl-2,4-pentanediol","107-41-5","CC(O)CC(C)(C)O",118.09938,"DTXSID5021885",0,1,0.501997828483582
"N-Nitrosodi-n-propylamine","621-64-7","CCCN(CCC)N=O",130.110613,"DTXSID6021032",0,0,0.299150586128235
"4-Hexylresorcinol","136-77-6","CCCCCCC1=C(O)C=C(O)C=C1",194.13068,"DTXSID1020699",0,0,0.326809614896774
"Ethyl 2,4-dimethyl-1,3-dioxolane-2-acetate","6290-17-1","CCOC(=O)CC1(C)OCC(C)O1",188.104859,"DTXSID4047549",0,0,0.21575953066349
"4-Dodecylmorpholine","1541-81-7","CCCCCCCCCCCCN1CCOCC1",255.256215,"DTXSID4042171",0,0,0.337380528450012
"Methenamid ESA","NOCAS_52846","COCC(C)N(C(=O)CS(O)(=O)=O)C1=CSC=C1C",307.054815,"DTXSID9052846",0,0,0.477742284536362
"dl-Norgestrel","6533-00-2","[H][C@@]12CC[C@@](O)(C#C)[C@@]1(CC)CC[C@]1([H])[C@@]3([H])CCC(=O)C=C3CC[C@@]21[H]",312.20893,"DTXSID3047477",0,0,0.391849517822266
"4-Methyl-2-pentanol","108-11-2","CC(C)CC(C)O",102.104465,"DTXSID2026781",0,0,0.221826478838921
"2-tert-Butyl-4-methoxyphenol","121-00-6","COC1=CC=C(O)C(=C1)C(C)(C)C",180.11503,"DTXSID7040788",0,0,0.396858513355255
"3-Phenylhexane","4468-42-2","CCCC(CC)C1=CC=CC=C1",162.140851,"DTXSID4041492",0,0,0.239431038498878
"p-Cresol","106-44-5","CC1=CC=C(O)C=C1",108.057515,"DTXSID7021869",0,0,0.25774085521698
"1,4-Dioxacycloheptadecane-5,17-dione","105-95-3","O=C1CCCCCCCCCCCC(=O)OCCO1",270.183109,"DTXSID1044774",0,0,0.224067538976669
"Thymol","89-83-8","CC(C)C1=CC=C(C)C=C1O",150.104465,"DTXSID6034972",0,0,0.439946055412292
"2-Methyl-4,6-bis[(octylthio)methyl]phenol","110553-27-0","CCCCCCCCSCC1=CC(CSCCCCCCCC)=C(O)C(C)=C1",424.283358,"DTXSID6044199",0,0,0.315925598144531
"1,2-Dihydro-1-methyl-5H-tetrazole-5-thione","13183-79-4","CN1NN=NC1=S",116.015667,"DTXSID9051662",0,0,0.374976485967636
"(S)-Citronellene","10281-55-7","C[C@@H](CCC=C(C)C)C=C",138.140851,"DTXSID6047236",0,0,0.256959795951843
"Orthosulfamuron","213464-77-8","COC1=CC(OC)=NC(NC(=O)NS(=O)(=O)NC2=C(C=CC=C2)C(=O)N(C)C)=N1",424.116504,"DTXSID4034788",0,0,0.298963814973831
"4-Dimethylaminobenzaldehyde","100-10-7","CN(C)C1=CC=C(C=O)C=C1",149.084064,"DTXSID5021835",0,0,0.316486567258835
"1-(2-Aminoethyl)piperazine","140-31-8","NCCN1CCNCC1",129.126597,"DTXSID2021997",0,0,0.361730217933655
"Benzoic acid","65-85-0","OC(=O)C1=CC=CC=C1",122.036779,"DTXSID6020143",0,0,0.385041534900665
"Mepronil","55814-41-0","CC(C)OC1=CC=CC(NC(=O)C2=C(C)C=CC=C2)=C1",269.141579,"DTXSID1037565",0,0,0.218091532588005
"myo-Inositol","87-89-8","O[C@H]1[C@H](O)[C@@H](O)[C@H](O)[C@H](O)[C@@H]1O",180.063388,"DTXSID7023146",0,0,0.268202930688858
"Ethyl 1-naphthaleneacetate","2122-70-5","CCOC(=O)CC1=CC=CC2=C1C=CC=C2",214.09938,"DTXSID3034583",0,0,0.368261486291885
"4-Tolyl acetate","140-39-6","CC(=O)OC1=CC=C(C)C=C1",150.06808,"DTXSID0046567",0,0,0.278450548648834
"1-Methyl-2-nitro-3-((tetrahydrofuran-3-yl)methyl)guanidine","165252-70-0","CNC(NCC1CCOC1)=N[N+]([O-])=O",202.10659,"DTXSID7034549",0,0,0.314181804656982
"Urea","57-13-6","NC(N)=O",60.032363,"DTXSID4021426",0,0,0.305260360240936
"Neopentyl glycol dibenzoate","4196-89-8","CC(C)(COC(=O)C1=CC=CC=C1)COC(=O)C1=CC=CC=C1",312.136159,"DTXSID1038822",0,1,0.683012187480927
"Phenmedipham","13684-63-4","COC(=O)NC1=CC(OC(=O)NC2=CC=CC(C)=C2)=CC=C1",300.111007,"DTXSID1024255",0,0,0.241867408156395
"5-Nitroacenaphthene","602-87-9","[O-][N+](=O)C1=CC=C2CCC3=CC=CC1=C23",199.063329,"DTXSID3020960",0,0,0.475854367017746
"Decyl beta-D-glucopyranoside","58846-77-8","CCCCCCCCCCO[C@@H]1O[C@H](CO)[C@@H](O)[C@H](O)[C@H]1O",320.219889,"DTXSID2041208",0,0,0.209787935018539
"2-Methoxy-4-nitroaniline","97-52-9","COC1=CC(=CC=C1N)[N+]([O-])=O",168.053492,"DTXSID0038700",0,0,0.444128096103668
"(2-Methylphenoxy)acetic acid","1878-49-5","CC1=C(OCC(O)=O)C=CC=C1",166.062994,"DTXSID9041441",0,0,0.351438671350479
"5,5-Dimethylhydantoin","77-71-4","CC1(C)NC(=O)NC1=O",128.058578,"DTXSID5021754",0,0,0.341652363538742
"Menadione","58-27-5","CC1=CC(=O)C2=C(C=CC=C2)C1=O",172.052429,"DTXSID4021715",0,0,0.236936911940575
"Emodin","518-82-1","CC1=CC(O)=C2C(=O)C3=C(O)C=C(O)C=C3C(=O)C2=C1",270.052823,"DTXSID5025231",0,0,0.380870193243027
"alpha-Cyclodextrin","10016-20-3","OC[C@H]1O[C@@H]2O[C@@H]3[C@@H](CO)O[C@H](O[C@@H]4[C@@H](CO)O[C@H](O[C@@H]5[C@@H](CO)O[C@H](O[C@@H]6[C@@H](CO)O[C@H](O[C@@H]7[C@@H](CO)O[C@H](O[C@H]1[C@H](O)[C@H]2O)[C@H](O)[C@H]7O)[C@H](O)[C@H]6O)[C@H](O)[C@H]5O)[C@H](O)[C@H]4O)[C@H](O)[C@H]3O",972.316941,"DTXSID7030698",0,0,0.320620536804199
"(6Z)-Non-6-en-1-ol","35854-86-5","CC\C=C/CCCCCO",142.135765,"DTXSID0047587",0,0,0.23552031815052
"Methyl benzoate","93-58-3","COC(=O)C1=CC=CC=C1",136.052429,"DTXSID5025572",0,0,0.259597361087799
"Biurea","110-21-4","NC(=O)NNC(N)=O",118.049075,"DTXSID6024628",0,0,0.392965018749237
"1,2-Ethanediol diacetate","111-55-7","CC(=O)OCCOC(C)=O",146.057909,"DTXSID0026880",0,0,0.22380368411541
"1,2-Diphenylethanone","451-40-1","O=C(CC1=CC=CC=C1)C1=CC=CC=C1",196.088815,"DTXSID6044430",0,0,0.430534839630127
"(+/-)-alpha-Methylbenzyl acetate","93-92-5","CC(OC(C)=O)C1=CC=CC=C1",164.08373,"DTXSID6041636",0,0,0.257892221212387
"Anisyl propionate","7549-33-9","CCC(=O)OCC1=CC=C(OC)C=C1",194.094294,"DTXSID8047713",0,0,0.264822036027908
"Dipropylene glycol","25265-71-8","C*.C*.OCCOCCO |lp:4:2,7:2,10:2,m:1:5.6,3:8.9|",134.094294,"DTXSID0027856",0,0,0.245023995637894
"Divinylbenzene","1321-74-0","*C=C.C=CC1=CC=CC=C1 |c:6,8,t:4,m:0:8.6|",130.07825,"DTXSID2025216",0,0,0.35641410946846
"Irganox 1010","6683-19-8","CC(C)(C)C1=CC(CCC(=O)OCC(COC(=O)CCC2=CC(=C(O)C(=C2)C(C)(C)C)C(C)(C)C)(COC(=O)CCC2=CC(=C(O)C(=C2)C(C)(C)C)C(C)(C)C)COC(=O)CCC2=CC(=C(O)C(=C2)C(C)(C)C)C(C)(C)C)=CC(=C1O)C(C)(C)C",1176.784079,"DTXSID1027633",0,0,0.245546638965607
"4-Ethylphenol","123-07-9","CCC1=CC=C(O)C=C1",122.073165,"DTXSID4021977",0,1,0.50324809551239
"6,10-Dimethyl-5,9-undecadiene-2-one","689-67-8","CC(C)=CCCC(C)=CCCC(C)=O",194.167065,"DTXSID1021586",0,0,0.355177402496338
"6-Methyl-5-hepten-2-one","110-93-0","CC(C)=CCCC(C)=O",126.104465,"DTXSID5021629",0,0,0.250610768795013
"1,1'-Bicyclohexyl","92-51-3","C1CCC(CC1)C1CCCCC1",166.172151,"DTXSID8021802",0,0,0.298083275556564
"Nonane","111-84-2","CCCCCCCCC",128.156501,"DTXSID9025796",0,0,0.334183782339096
"Decanal","112-31-2","CCCCCCCCCC=O",156.151415,"DTXSID4021553",0,1,0.628750205039978
"Betaine","107-43-7","C[N+](C)(C)CC([O-])=O",117.078979,"DTXSID8022666",0,0,0.284559488296509
"Bis(2-ethylhexyl) nonanedioate","103-24-2","CCCCC(CC)COC(=O)CCCCCCCC(=O)OCC(CC)CCCC",412.35526,"DTXSID3026697",0,0,0.300182580947876
"3,7-Dimethyloctan-3-yl acetate","20780-48-7","CCC(C)(CCCC(C)C)OC(C)=O",200.17763,"DTXSID5041487",0,1,0.691222727298737
"Busulfan","55-98-1","CS(=O)(=O)OCCCCOS(C)(=O)=O",246.023181,"DTXSID3020910",0,0,0.222894698381424
"2,6-Dimethylpyridine","108-48-5","CC1=CC=CC(C)=N1",107.073499,"DTXSID7051557",0,0,0.317113876342773
"2-Isopropoxyphenol","4812-20-8","CC(C)OC1=C(O)C=CC=C1",152.08373,"DTXSID5041431",0,0,0.392422825098038
"Isopropyl formate","625-55-8","CC(C)OC=O",88.052429,"DTXSID2027258",0,0,0.271741330623627
"Oxytetracycline dihydrate","6153-64-6","O.O.[H][C@]12[C@H](O)C3[C@H](N(C)C)C(O)=C(C(N)=O)C(=O)[C@@]3(O)C(O)=C1C(=O)C1=C(C=CC=C1O)[C@@]2(C)O",496.16931,"DTXSID4023412",0,0,0.421016991138458
"5-(Hydroxymethyl)-2-furfural","67-47-0","OCC1=CC=C(O1)C=O",126.031694,"DTXSID3030428",0,0,0.243511110544205
"Cyclocytidine","31698-14-3","OC[C@H]1O[C@@H]2[C@@H](OC3=NC(=N)C=CN23)[C@@H]1O",225.074956,"DTXSID6020357",0,0,0.356341987848282
"7-Methoxy-3,7-dimethyloctanal","3613-30-7","COC(C)(C)CCCC(C)CC=O",186.16198,"DTXSID7038818",0,0,0.465798795223236
"Choline hydroxide","123-41-1","[OH-].C[N+](C)(C)CCO",121.110279,"DTXSID9047467",0,1,0.492610663175583
"Ergotamine D-tartrate","379-79-3","O[C@H]([C@@H](O)C(O)=O)C(O)=O.CN1C[C@@H](C=C2[C@H]1CC1=CNC3=CC=CC2=C13)C(=O)N[C@]1(C)O[C@@]2(O)[C@@H]3CCCN3C(=O)[C@H](CC3=CC=CC=C3)N2C1=O.CN1C[C@@H](C=C2[C@H]1CC1=CNC3=CC=CC2=C13)C(=O)N[C@]1(C)O[C@@]2(O)[C@@H]3CCCN3C(=O)[C@H](CC3=CC=CC=C3)N2C1=O",1312.544076,"DTXSID3025253",0,0,0.215249121189117
"Cymoxanil","57966-95-7","CCNC(=O)NC(=O)C(=NOC)C#N",198.07529,"DTXSID6032358",0,0,0.29039865732193
"5-Methyl-2-(1-methylethenyl)cyclohexanol","7786-67-6","CC1CCC(C(O)C1)C(C)=C",154.135765,"DTXSID3044461",0,0,0.36659562587738
"1-Methylimidazole","616-47-7","CN1C=CN=C1",82.053098,"DTXSID6052291",0,0,0.255892604589462
"Imazapyr","81334-34-1","CC(C)C1(C)N=C(NC1=O)C1=NC=CC=C1C(O)=O",261.111341,"DTXSID8034665",0,0,0.266608655452728
"Methyl 3,7-dimethyloct-6-enoate","2270-60-2","COC(=O)CC(C)CCC=C(C)C",184.14633,"DTXSID0047408",0,0,0.31594642996788
"2,3,5-Trimethylhydroquinone","700-13-0","CC1=C(O)C(C)=C(C)C(O)=C1",152.08373,"DTXSID7052446",0,0,0.29656246304512
"Mestranol","72-33-3","COC1=CC2=C(C=C1)[C@H]1CC[C@@]3(C)[C@@H](CC[C@@]3(O)C#C)[C@@H]1CC2",310.19328,"DTXSID0020814",0,0,0.323202401399612
"3,3'-Dimethylbenzidine","119-93-7","CC1=CC(=CC=C1N)C1=CC=C(N)C(C)=C1",212.131349,"DTXSID5024059",0,0,0.27412286400795
"(1,1-Dimethylethyl)urea","1118-12-3","CC(C)(C)NC(N)=O",116.094963,"DTXSID0044365",0,0,0.316668748855591
"1,3,4,6,7,8-Hexahydro-4,6,6,7,8,8-hexamethylcyclopenta[g]-2-benzopyran","1222-05-5","CC1C(C)(C)C2=CC3=C(C=C2C1(C)C)C(C)COC3",258.198365,"DTXSID8027373",0,0,0.266844242811203
"3-(Dimethylamino)propylamine","109-55-7","CN(C)CCCN",102.115698,"DTXSID5025102",0,0,0.399011760950089
"Glutaric acid","110-94-1","OC(=O)CCCC(O)=O",132.042259,"DTXSID2021654",0,0,0.246876657009125
"N,N-Didodecyl-1-dodecanamine","102-87-4","CCCCCCCCCCCCN(CCCCCCCCCCCC)CCCCCCCCCCCC",521.589951,"DTXSID8047056",0,0,0.21318107843399
"2-tert-Butylphenol","88-18-6","CC(C)(C)C1=C(O)C=CC=C1",150.104465,"DTXSID2026525",0,0,0.259084850549698
"Pyrazinamide","98-96-4","NC(=O)C1=NC=CN=C1",123.043262,"DTXSID9021215",0,1,0.557098388671875
"2-Ethylbutyric acid","88-09-5","CCC(CC)C(O)=O",116.08373,"DTXSID2041418",0,0,0.37367057800293
"2-Hydroxy-1-[4-(2-hydroxyethoxy)phenyl]-2-methylpropan-1-one","106797-53-9","CC(C)(O)C(=O)C1=CC=C(OCCO)C=C1",224.104859,"DTXSID6044777",0,0,0.263672083616257
"1,1-Dimethoxy-3,7-dimethylocta-2,6-diene","7549-37-3","COC(OC)C=C(C)CCC=C(C)C",198.16198,"DTXSID8044832",0,0,0.23712183535099
"2-Tridecenenitrile","22629-49-8","CCCCCCCCCCC=CC#N",193.18305,"DTXSID5047667",0,0,0.314224064350128
"N-(9-Fluorenylmethoxycarbonyl)-L-leucine","35661-60-0","CC(C)C[C@H](NC(=O)OCC1C2=CC=CC=C2C2=C1C=CC=C2)C(O)=O",353.162708,"DTXSID0040751",0,0,0.237042024731636
"1,1-Dimethylphenylethanol","100-86-7","CC(C)(O)CC1=CC=CC=C1",150.104465,"DTXSID1047601",0,0,0.285265356302261
"Methyl 4-methoxybenzoate","121-98-2","COC(=O)C1=CC=C(OC)C=C1",166.062994,"DTXSID7047645",0,0,0.343827813863754
"2(1H)-Pyridinone","142-08-5","O=C1NC=CC=C1",95.037114,"DTXSID2051716",0,1,0.522488951683044
"Argatroban monohydrate","141396-28-3","O.C[C@@H]1CCN([C@H](C1)C(O)=O)C(=O)[C@H](CCCNC(N)=N)NS(=O)(=O)C1=CC=CC2=C1NC[C@H](C)C2",526.257354,"DTXSID5057888",0,0,0.350025743246078
"2-Phenylethanol","60-12-8","OCCC1=CC=CC=C1",122.073165,"DTXSID9026342",0,0,0.468872547149658
"Aspirin","50-78-2","CC(=O)OC1=C(C=CC=C1)C(O)=O",180.042259,"DTXSID5020108",0,0,0.322964608669281
"Butyl lactate","138-22-7","CCCCOC(=O)C(C)O",146.094294,"DTXSID7042196",0,0,0.249929025769234
"Di(ethylene glycol) dimethacrylate","2358-84-1","CC(=C)C(=O)OCCOCCOC(=O)C(C)=C",242.115424,"DTXSID8044882",0,0,0.290925562381744
"3-Methylbenzoic acid","99-04-7","CC1=CC=CC(=C1)C(O)=O",136.052429,"DTXSID1021617",0,0,0.297575831413269
"(E)-2-Hexen-1-ol","928-95-0","CCC\C=C\CO",100.088815,"DTXSID2047062",0,0,0.36362823843956
"Decane","124-18-5","CCCCCCCCCC",142.172151,"DTXSID6024913",0,0,0.276506841182709
"9-Nitroanthracene","602-60-8","[O-][N+](=O)C1=C2C=CC=CC2=CC2=CC=CC=C12",223.063329,"DTXSID5025730",0,0,0.205404341220856
"o-Cresol","95-48-7","CC1=C(O)C=CC=C1",108.057515,"DTXSID8021808",0,0,0.342449009418488
"Oxazolone","15646-46-5","CCOC=C1N=C(OC1=O)C1=CC=CC=C1",217.073893,"DTXSID1049225",0,0,0.35259884595871
"Methylene bis(thiocyanate)","6317-18-6","N#CSCSC#N",129.96594,"DTXSID8025599",0,0,0.255063980817795
"Allyl methacrylate","96-05-9","CC(=C)C(=O)OCC=C",126.06808,"DTXSID2021816",0,0,0.30924180150032
"Dodecane","112-40-3","CCCCCCCCCCCC",170.203451,"DTXSID0026913",0,0,0.360073059797287
"2-(Ethyl(3-methylphenyl)amino)acetonitrile","63133-74-4","CCN(CC#N)C1=CC(C)=CC=C1",174.115698,"DTXSID5028114",0,0,0.29757422208786
"Atenolol","29122-68-7","CC(C)NCC(O)COC1=CC=C(CC(N)=O)C=C1",266.163043,"DTXSID2022628",0,0,0.263908356428146
"2,4-Bis(1-methyl-1-phenylethyl)phenol","2772-45-4","CC(C)(C1=CC=CC=C1)C1=CC(=C(O)C=C1)C(C)(C)C1=CC=CC=C1",330.198365,"DTXSID7029241",0,0,0.213438004255295
"(R)-alpha-Phellandrene","4221-98-1","CC(C)[C@H]1CC=C(C)C=C1",136.125201,"DTXSID3047053",0,0,0.299383223056793
"1,3-Diisopropylbenzene","99-62-7","CC(C)C1=CC(=CC=C1)C(C)C",162.140851,"DTXSID8026640",0,0,0.417458921670914
"Bixin","6983-79-5","COC(=O)\C=C\C(\C)=C/C=C/C(/C)=C/C=C/C=C(\C)/C=C/C=C(\C)/C=C/C(O)=O",394.214409,"DTXSID1024629",0,0,0.236995786428452
"4-Morpholinecarboxaldehyde","4394-85-8","O=CN1CCOCC1",115.063329,"DTXSID7044427",0,0,0.267565608024597
"6-tert-Butyl-2,4-xylenol","1879-09-0","CC1=CC(C)=C(O)C(=C1)C(C)(C)C",178.135765,"DTXSID6041551",0,0,0.33463853597641
"Difenzoquat metilsulfate","43222-48-6","COS([O-])(=O)=O.CN1C(=CC(C2=CC=CC=C2)=[N+]1C)C1=CC=CC=C1",360.114378,"DTXSID6024048",0,0,0.265817761421204
"Dehydroabietylamine acetate","2026-24-6","CC(O)=O.CC(C)C1=CC=C2C(CC[C@H]3[C@](C)(CN)CCC[C@]23C)=C1",345.266779,"DTXSID1047102",0,1,0.581209421157837
"10-Undecenoic acid","112-38-9","OC(=O)CCCCCCCCC=C",184.14633,"DTXSID8035001",0,0,0.218883693218231
"Linalyl benzoate","126-64-7","CC(C)=CCCC(C)(OC(=O)C1=CC=CC=C1)C=C",258.16198,"DTXSID2047191",0,0,0.336952447891235
"5-Methyl-2-furancarboxylic acid","1917-15-3","CC1=CC=C(O1)C(O)=O",126.031694,"DTXSID5021627",0,0,0.21699820458889
"Cumene hydroperoxide","80-15-9","CC(C)(OO)C1=CC=CC=C1",152.08373,"DTXSID3024869",0,0,0.391762226819992
"4,4'-Oxydianiline","101-80-4","NC1=CC=C(OC2=CC=C(N)C=C2)C=C1",200.094963,"DTXSID0021094",0,1,0.669082820415497
"Diethyl dithiobis(thionoformate)","502-55-6","CCOC(=S)SSC(=S)OCC",241.956364,"DTXSID2041672",0,0,0.382890254259109
"Daidzein","486-66-8","[H]C1=CC(O)=CC2=C1C(=O)C(=CO2)C1=CC=C(O)C=C1",254.057909,"DTXSID9022310",0,0,0.236995786428452
"2-Ethyl-1-hexanol","104-76-7","CCCCC(CC)CO",130.135765,"DTXSID5020605",0,1,0.555420517921448
"Hexyl salicylate","6259-76-3","CCCCCCOC(=O)C1=C(O)C=CC=C1",222.125594,"DTXSID4038924",0,0,0.220623537898064
"Tetrahydrofurfuryl alcohol","97-99-4","OCC1CCCO1",102.06808,"DTXSID1029128",0,0,0.205169230699539
"3-Phenoxybenzaldehyde","39515-51-0","O=CC1=CC(OC2=CC=CC=C2)=CC=C1",198.06808,"DTXSID3028005",0,0,0.364677488803864
"Benzonitrile","100-47-0","N#CC1=CC=CC=C1",103.042199,"DTXSID7021491",0,0,0.213182479143143
"N,N-Dimethylpyridin-4-amine","1122-58-3","CN(C)C1=CC=NC=C1",122.084398,"DTXSID0044369",0,0,0.216425523161888
"Naphthalene","91-20-3","C1=CC2=CC=CC=C2C=C1",128.0626,"DTXSID8020913",0,0,0.288000017404556
"Ethyl 4-methylbenzoate","94-08-6","CCOC(=O)C1=CC=C(C)C=C1",164.08373,"DTXSID5048211",0,0,0.28543746471405
"4-(2-Hydroxyethyl)morpholine","622-40-2","OCCN1CCOCC1",131.094629,"DTXSID2022090",0,0,0.342034071683884
"2,3-Diaminotoluene","2687-25-4","CC1=C(N)C(N)=CC=C1",122.084398,"DTXSID4027494",0,0,0.354673087596893
"Triethyl citrate","77-93-0","CCOC(=O)CC(O)(CC(=O)OCC)C(=O)OCC",276.120903,"DTXSID0040701",0,0,0.441150456666946
"2-Hydroxyacetophenone","118-93-4","CC(=O)C1=CC=CC=C1O",136.052429,"DTXSID7040285",0,0,0.365996330976486
"Propan-2-yl benzoate","939-48-0","CC(C)OC(=O)C1=CC=CC=C1",164.08373,"DTXSID9044746",0,0,0.437381595373154
"Quinolinic acid","89-00-9","OC(=O)C1=C(N=CC=C1)C(O)=O",167.021858,"DTXSID8041327",0,0,0.286907434463501
"3-[3,5-DI(tert-butyl)-4-hydroxyphenyl]propanohydrazide","32687-77-7","CC(C)(C)C1=CC(CCC(=O)NN)=CC(=C1O)C(C)(C)C",292.215078,"DTXSID1027978",0,0,0.314941912889481
"2,6,10-Trimethyl-2,6,10-triazaundecane","3855-32-1","CN(C)CCCN(C)CCCN(C)C",201.220498,"DTXSID1044564",0,0,0.338935554027557
"Triallylamine","102-70-5","C=CCN(CC=C)CC=C",137.120449,"DTXSID5026174",0,0,0.385369718074799
"Tetrahydrothiophene","110-01-0","C1CCSC1",88.034671,"DTXSID3047760",0,0,0.27112203836441
"Diethylene glycol monobutyl ether acetate","124-17-4","CCCCOCCOCCOC(C)=O",204.136159,"DTXSID9027021",0,0,0.375104993581772
"Propanedinitrile","109-77-3","N#CCC#N",66.021798,"DTXSID6021907",0,0,0.458047807216644
"1,7-Dimethylxanthine","611-59-6","CN1C=NC2=C1C(=O)N(C)C(=O)N2",180.064726,"DTXSID2052281",0,0,0.320081055164337
"Enadoline","124378-77-4","CN([C@H]1CC[C@@]2(CCCO2)C[C@@H]1N1CCCC1)C(=O)CC1=CC=CC2=C1C=CO2",396.241293,"DTXSID4047258",0,0,0.406136900186539
"Thiophanate","23564-06-9","CCOC(=O)NC(=S)NC1=C(NC(=S)NC(=O)OCC)C=CC=C1",370.076947,"DTXSID3034531",0,0,0.411669671535492
"Acrylamide","79-06-1","NC(=O)C=C",71.037114,"DTXSID5020027",0,0,0.223198413848877
"Glycoluril","496-46-8","O=C1NC2NC(=O)NC2N1",142.049075,"DTXSID6031380",0,0,0.243500992655754
"2-Methylpropanenitrile","78-82-0","CC(C)C#N",69.057849,"DTXSID5026461",0,1,0.554113745689392
"Hexyl benzoate","6789-88-4","CCCCCCOC(=O)C1=CC=CC=C1",206.13068,"DTXSID9025403",0,0,0.417252272367477
"Butyl 2-methylbutyrate","15706-73-7","CCCCOC(=O)C(C)CC",158.13068,"DTXSID4047046",0,0,0.237878084182739
"2,5-Dimethylphenol","95-87-4","CC1=CC(O)=C(C)C=C1",122.073165,"DTXSID6025145",0,0,0.393165588378906
"1-[(1-Butoxy-2-propanyl)oxy]-2-propanol","29911-28-2","CCCCOCC(C)OCC(C)O",190.156895,"DTXSID8027959",0,0,0.27429723739624
"Fenoxycarb","72490-01-8","CCOC(=O)NCCOC1=CC=C(OC2=CC=CC=C2)C=C1",301.131408,"DTXSID7032393",0,0,0.280286133289337
"4'-Acetylbiphenyl","92-91-1","CC(=O)C1=CC=C(C=C1)C1=CC=CC=C1",196.088815,"DTXSID6052619",0,0,0.297868400812149
"o-Toluenesulfonamide","88-19-7","CC1=C(C=CC=C1)S(N)(=O)=O",171.0354,"DTXSID7021362",0,0,0.2752805352211
"1-Methyltrimethylene dimethacrylate","1189-08-8","CC(CCOC(=O)C(C)=C)OC(=O)C(C)=C",226.120509,"DTXSID5044784",0,0,0.300529003143311
"Actarit","18699-02-0","CC(=O)NC1=CC=C(CC(O)=O)C=C1",193.073893,"DTXSID0020020",0,1,0.502553284168243
"3-Methylaniline","108-44-1","CC1=CC(N)=CC=C1",107.073499,"DTXSID1026792",0,0,0.23574985563755
"Nicosulfuron","111991-09-4","COC1=CC(OC)=NC(NC(=O)NS(=O)(=O)C2=NC=CC=C2C(=O)N(C)C)=N1",410.100853,"DTXSID6034764",0,1,0.513198733329773
"1,3,5-Triisopropylbenzene","717-74-8","CC(C)C1=CC(=CC(=C1)C(C)C)C(C)C",204.187801,"DTXSID4041232",0,0,0.233659967780113
"Propylene glycol diacetate","623-84-7","CC(COC(C)=O)OC(C)=O",160.073559,"DTXSID9044827",0,0,0.267337709665298
"Citronellyl butyrate","141-16-2","CCCC(=O)OCCC(C)CCC=C(C)C",226.19328,"DTXSID5047405",0,0,0.241645008325577
"3-Methylstyrene","100-80-1","CC1=CC(C=C)=CC=C1",118.07825,"DTXSID9051454",0,0,0.317741721868515
"p-Cymene","99-87-6","CC(C)C1=CC=C(C)C=C1",134.10955,"DTXSID3026645",0,1,0.492283076047897
"Butanoic acid","107-92-6","CCCC(O)=O",88.052429,"DTXSID8021515",0,0,0.476000964641571
"1,2-Diphenylhydrazine","122-66-7","N(NC1=CC=CC=C1)C1=CC=CC=C1",184.100048,"DTXSID7020710",0,0,0.308468043804169
"3,4,4'-Triaminodiphenyl ether","6264-66-0","NC1=CC=C(OC2=CC=C(N)C(N)=C2)C=C1",215.105862,"DTXSID1021372",0,0,0.215455234050751
"1,2,4-Trimethoxybenzene","135-77-3","COC1=CC=C(OC)C(OC)=C1",168.078644,"DTXSID5035163",0,0,0.254061907529831
"Isobutyl methacrylate","97-86-9","CC(C)COC(=O)C(C)=C",142.09938,"DTXSID3025461",0,0,0.27767550945282
"Benzyl (2E)-2-methylbut-2-enoate","37526-88-8","C\C=C(/C)C(=O)OCC1=CC=CC=C1",190.09938,"DTXSID3047130",0,0,0.298516869544983
"2,3,5-Trimethylphenol","697-82-5","CC1=CC(O)=C(C)C(C)=C1",136.088815,"DTXSID3047184",0,0,0.240692183375359
"2-Methoxybenzaldehyde","135-02-4","COC1=C(C=O)C=CC=C1",136.052429,"DTXSID1051690",0,0,0.236414104700089
"2-[2-(2-Ethoxyethoxy)ethoxy]ethanol","112-50-5","CCOCCOCCOCCO",178.120509,"DTXSID3024368",0,0,0.268817692995071
"1,4-Benzenediamine","106-50-3","NC1=CC=C(N)C=C1",108.068748,"DTXSID9021138",0,1,0.607448041439056
"Caprolactam","105-60-2","O=C1CCCCCN1",113.084064,"DTXSID4020240",0,0,0.2893947660923
"Flavone","525-82-6","O=C1C=C(OC2=CC=CC=C12)C1=CC=CC=C1",222.06808,"DTXSID2022048",0,0,0.475461542606354
"L-Glucitol","6706-59-8","OC[C@H](O)[C@H](O)[C@@H](O)[C@H](O)CO",182.079038,"DTXSID4042096",0,1,0.553815364837646
"Acetochlor ESA","187022-11-3","CCOCN(C(=O)CS(O)(=O)=O)C1=C(CC)C=CC=C1C",315.114044,"DTXSID6037483",0,0,0.331113666296005
"Ethyl anthranilate","87-25-2","CCOC(=O)C1=C(N)C=CC=C1",165.078979,"DTXSID6025272",0,0,0.321428716182709
"Panthenol","16485-10-2","CC(C)(CO)C(O)C(=O)NCCCO",205.131408,"DTXSID3044598",0,0,0.219158470630646
"3-Mercapto-1-propanol","19721-22-3","OCCCS",92.029586,"DTXSID3051836",0,0,0.276052385568619
"PD 0343701","676116-04-4","CS(O)(=O)=O.CC1=CC(CCN2CCN(CC2)C2=NSC3=CC=CC=C23)=CC2=C1NC(=O)CC2(C)C",530.202148,"DTXSID7047271",0,0,0.295149266719818
"Decyl prop-2-enoate","2156-96-9","CCCCCCCCCCOC(=O)C=C",212.17763,"DTXSID9044873",0,0,0.364158183336258
"Ethyl levulinate","539-88-8","CCOC(=O)CCC(C)=O",144.078644,"DTXSID8047058",0,0,0.31811061501503
"Nomifensine","24526-64-5","CN1CC(C2=CC=CC=C2)C2=CC=CC(N)=C2C1",238.146999,"DTXSID0023377",0,1,0.639896333217621
"2-Hydroxy-2-methylpropanenitrile","75-86-5","CC(C)(O)C#N",85.052764,"DTXSID7025427",0,0,0.311776638031006
"N-(2-Methylphenyl)-3-oxobutanamide","93-68-5","CC(=O)CC(=O)NC1=C(C)C=CC=C1",191.094629,"DTXSID3026562",0,0,0.407839506864548
"Cyclohexylphenylketone","712-50-5","O=C(C1CCCCC1)C1=CC=CC=C1",188.120115,"DTXSID5048182",0,0,0.277241319417953
"4,5-Dihydroxy-1,3-dimethylimidazolidin-2-one","3923-79-3","CN1C(O)C(O)N(C)C1=O",146.069142,"DTXSID1044934",0,0,0.216310635209084
"3-Hydroxypropanenitrile","109-78-4","OCCC#N",71.037114,"DTXSID1025433",0,0,0.205884471535683
"Dodecyl 2-methylacrylate","142-90-5","CCCCCCCCCCCCOC(=O)C(C)=C",254.22458,"DTXSID4027103",0,1,0.517977774143219
"4,4-Bis(4-hydroxyphenyl)valeric acid","126-00-1","CC(CCC(O)=O)(C1=CC=C(O)C=C1)C1=CC=C(O)C=C1",286.120509,"DTXSID0022436",0,0,0.328116536140442
"4,4'-Dithiodimorpholine","103-34-4","C1CN(CCO1)SSN1CCOCC1",236.06532,"DTXSID8026698",0,0,0.230759978294373
"D-Glucitol","50-70-4","OC[C@H](O)[C@@H](O)[C@H](O)[C@H](O)CO",182.079038,"DTXSID5023588",0,0,0.470096975564957
"Kadethrin","58769-20-3","CC1(C)[C@H](\C=C2/CCSC2=O)[C@@H]1C(=O)OCC1=COC(CC2=CC=CC=C2)=C1",396.13953,"DTXSID5042083",0,1,0.712357699871063
"Cyclohexylamine","108-91-8","NC1CCCCC1",99.104799,"DTXSID1023996",0,0,0.321786284446716
"Tetrahydrofuran","109-99-9","C1CCOC1",72.057515,"DTXSID1021328",0,0,0.253557622432709
"(+)-alpha-Pinene","7785-70-8","CC1=CC[C@@H]2C[C@H]1C2(C)C",136.125201,"DTXSID7041671",0,0,0.317645221948624
"2-(2-Butyl)-4,5-dimethyl-3-thiazoline","65894-82-8","CCC(C)C1SC(C)C(C)=N1",171.108171,"DTXSID1047156",0,0,0.418302237987518
"Ethyl hexanoate","123-66-0","CCCCCC(=O)OCC",144.11503,"DTXSID3021980",0,0,0.463607162237167
"Acetamide","60-35-5","CC(N)=O",59.037114,"DTXSID7020005",0,1,0.481129705905914
"Phthalide","87-41-2","O=C1OCC2=CC=CC=C12",134.036779,"DTXSID0052594",0,0,0.21451923251152
"Ethyl 3-hydroxybutyrate","5405-41-4","CCOC(=O)CC(C)O",132.078644,"DTXSID6025305",0,0,0.220370694994926
"1,2,4,5-Tetramethylbenzene","95-93-2","CC1=CC(C)=C(C)C=C1C",134.10955,"DTXSID1029124",0,0,0.211406111717224
"2-Phenoxyethyl propanoate","23495-12-7","CCC(=O)OCCOC1=CC=CC=C1",194.094294,"DTXSID9047203",0,0,0.235663071274757
"4-Anilinophenol","122-37-2","OC1=CC=C(NC2=CC=CC=C2)C=C1",185.084064,"DTXSID5037739",0,0,0.28745248913765
"Longifolene","475-20-7","C[C@]12CCCC(C)(C)[C@H]3[C@H](CC[C@@H]13)C2=C",204.187801,"DTXSID9047045",0,0,0.389109581708908
"1,4-Dioxacyclohexadecane-5,16-dione","54982-83-1","O=C1CCCCCCCCCCC(=O)OCCO1",256.167459,"DTXSID1044568",0,0,0.41452556848526
"C.I. Solvent Red 80","6358-53-8","COC1=CC=C(OC)C(=C1)N=NC1=C(O)C=CC2=C1C=CC=C2",308.116092,"DTXSID6024838",0,0,0.332940965890884
"1H-Indene","95-13-6","C1C=CC2=CC=CC=C12",116.0626,"DTXSID8042052",0,0,0.208292752504349
"Imazaquin","81335-37-7","CC(C)C1(C)N=C(NC1=O)C1=NC2=C(C=CC=C2)C=C1C(O)=O",311.126991,"DTXSID3024152",0,1,0.599242031574249
"Melatonin","73-31-4","COC1=CC2=C(NC=C2CCNC(C)=O)C=C1",232.121178,"DTXSID1022421",0,0,0.227111607789993
"Digoxin","20830-75-5","C[C@H]1O[C@H](C[C@H](O)[C@@H]1O)O[C@H]1[C@@H](O)C[C@H](O[C@H]2[C@@H](O)C[C@H](O[C@H]3CC[C@@]4(C)[C@H](CC[C@@H]5[C@@H]4C[C@@H](O)[C@]4(C)[C@H](CC[C@]54O)C4=CC(=O)OC4)C3)O[C@@H]2C)O[C@@H]1C",780.429607,"DTXSID5022934",0,1,0.518277108669281
"Dipropyl disulfide","629-19-6","CCCSSCCC",150.053693,"DTXSID2022096",0,0,0.219078063964844
"Dimethyl 3,3'-thiodipropionate","4131-74-2","COC(=O)CCSCCC(=O)OC",206.06128,"DTXSID0027561",0,1,0.611146748065948
"2,2,4-Trimethyl-1,3-pentanediol diisobutyrate","6846-50-0","CC(C)C(OC(=O)C(C)C)C(C)(C)COC(=O)C(C)C",286.214409,"DTXSID1027635",0,1,0.490020841360092
"Nitrofurantoin","67-20-9","[O-][N+](=O)C1=CC=C(O1)C=NN1CC(=O)NC1=O",238.033819,"DTXSID7020972",0,0,0.434609651565552
"1,3-Cyclohexanedimethanamine","2579-20-6","NCC1CCCC(CN)C1",142.146999,"DTXSID4041238",0,0,0.33238810300827
"Citric acid, triethyl ester, acetate","77-89-4","CCOC(=O)CC(CC(=O)OCC)(OC(C)=O)C(=O)OCC",318.131468,"DTXSID5044576",0,0,0.303235501050949
"Sucrose","57-50-1","OC[C@H]1O[C@@](CO)(O[C@H]2O[C@H](CO)[C@@H](O)[C@H](O)[C@H]2O)[C@@H](O)[C@@H]1O",342.116212,"DTXSID2021288",0,0,0.446907609701157
"4-Cyclohexyl-4-methyl-pentan-2-one","4927-39-3","CC(=O)CC(C)(C)C1CCCCC1",182.167065,"DTXSID8047682",0,1,0.601308405399323
"3,3'-Iminobispropanenitrile","111-94-4","N#CCCNCCC#N",123.079647,"DTXSID2041464",0,0,0.352636724710464
"2-Methyl-4-phenylbutan-2-ol","103-05-9","CC(C)(O)CCC1=CC=CC=C1",164.120115,"DTXSID3021851",0,0,0.266595810651779
"4-tert-Butylbenzenethiol","2396-68-1","CC(C)(C)C1=CC=C(S)C=C1",166.081622,"DTXSID9048196",0,0,0.355216503143311
"Acrylonitrile","107-13-1","C=CC#N",53.026549,"DTXSID5020029",0,0,0.323710173368454
"Ethyl 2-methylpentanoate","39255-32-8","CCCC(C)C(=O)OCC",144.11503,"DTXSID7047198",0,0,0.407860219478607
"Diethylenetriamine","111-40-0","NCCNCCN",103.110947,"DTXSID2025050",0,0,0.361177951097488
"Digitoxin","71-63-6","[H][C@@]1(C[C@H](O)[C@H](O[C@@]2([H])C[C@H](O)[C@H](O[C@@]3([H])C[C@H](O)[C@H](O)[C@@H](C)O3)[C@@H](C)O2)[C@@H](C)O1)O[C@H]1CC[C@@]2(C)[C@]([H])(CC[C@]3([H])[C@]2([H])CC[C@]2(C)[C@H](CC[C@]32O)C2=CC(=O)OC2)C1",764.434692,"DTXSID0022933",0,0,0.388541251420975
"N-Methyl-4-nitro-N-nitrosobenzenamine","943-41-9","CN(N=O)C1=CC=C(C=C1)[N+]([O-])=O",181.048741,"DTXSID4021002",0,0,0.246490821242332
"gamma-Decanolactone","706-14-9","CCCCCCC1CCC(=O)O1",170.13068,"DTXSID4022109",0,0,0.42861807346344
"SB202235","139149-55-6","NC(=O)N(O)[C@@H]1COC2=C1C=CC(OCC1=CC=CC=C1)=C2",300.111007,"DTXSID1047318",0,0,0.352045893669128
"Quinoline","91-22-5","C1=CC2=C(C=C1)N=CC=C2",129.057849,"DTXSID1021798",0,0,0.215666562318802
"trans-2,cis-6-Nonadien-1-ol","28069-72-9","CC\C=C/CC\C=C\CO",140.120115,"DTXSID7047192",0,0,0.300273984670639
"2-Methyl-3-buten-2-ol","115-18-4","CC(C)(O)C=C",86.073165,"DTXSID3047471",0,0,0.232581034302711
"4,4'-(1H-1,2,4-Triazol-1-ylmethylene)dibenzonitrile","112809-51-5","N#CC1=CC=C(C=C1)C(N1C=NC=N1)C1=CC=C(C=C1)C#N",285.101445,"DTXSID4023202",0,0,0.255236029624939
"2-Butoxyethyl acetate","112-07-2","CCCCOCCOC(C)=O",160.109944,"DTXSID1026904",0,0,0.222689107060432
"Diisopropyl phthalate","605-45-8","CC(C)OC(=O)C1=CC=CC=C1C(=O)OC(C)C",250.120509,"DTXSID2040731",0,0,0.24535496532917
"Hydroxyurea","127-07-1","NC(=O)NO",76.027277,"DTXSID6025438",0,0,0.443109333515167
"p-Methylacetophenone","122-00-9","CC(=O)C1=CC=C(C)C=C1",134.073165,"DTXSID9044374",0,0,0.344282656908035
"Nisoldipine","63675-72-9","COC(=O)C1=C(C)NC(C)=C(C1C1=CC=CC=C1[N+]([O-])=O)C(=O)OCC(C)C",388.163437,"DTXSID0023371",0,0,0.289590895175934
"Butyl benzoate","136-60-7","CCCCOC(=O)C1=CC=CC=C1",178.09938,"DTXSID8040694",0,0,0.233267515897751
"Nitrilotriacetic acid","139-13-9","OC(=O)CN(CC(O)=O)CC(O)=O",191.042987,"DTXSID6020939",0,0,0.448442101478577
"Veratraldehyde","120-14-9","COC1=CC=C(C=O)C=C1OC",166.062994,"DTXSID7026285",0,0,0.326550126075745
"Ximelagatran","192939-46-1","CCOC(=O)CN[C@H](C1CCCCC1)C(=O)N1CC[C@H]1C(=O)NCC1=CC=C(C=C1)C(\N)=N\O",473.263819,"DTXSID5049075",0,0,0.26227480173111
"Butyl acrylate","141-32-2","CCCCOC(=O)C=C",128.08373,"DTXSID6024676",0,1,0.491684854030609
"Ethyl methylphenylglycidate","77-83-8","CCOC(=O)C1OC1(C)C1=CC=CC=C1",206.094294,"DTXSID8020591",0,1,0.572945773601532
"2,4-Diaminobenzenesulfonic acid","88-63-1","NC1=CC=C(C(N)=C1)S(O)(=O)=O",188.025563,"DTXSID3044465",0,0,0.257921993732452
"Formamide","75-12-7","NC=O",45.021464,"DTXSID8025337",0,0,0.245395734906197
"2-Ethylaniline","578-54-1","CCC1=C(N)C=CC=C1",121.089149,"DTXSID0042242",0,0,0.255098253488541
"(3,5-Dimethyl-1H-pyrazol-1-yl)methanol","85264-33-1","CC1=NN(CO)C(C)=C1",126.079313,"DTXSID1032513",0,0,0.226794824004173
"Methyl 4-methylbenzoate","99-75-2","COC(=O)C1=CC=C(C)C=C1",150.06808,"DTXSID4025668",0,0,0.429802030324936
"2-(Pyridin-4-yl)ethanol","5344-27-4","OCCC1=CC=NC=C1",123.068414,"DTXSID4044953",0,0,0.280219674110413
"Butylbenzene","104-51-8","CCCCC1=CC=CC=C1",134.10955,"DTXSID6022472",0,0,0.289489030838013
"Trimethylenediaminetetraacetic acid","1939-36-2","OC(=O)CN(CCCN(CC(O)=O)CC(O)=O)CC(O)=O",306.106316,"DTXSID9029225",0,1,0.49589791893959
"Paraldehyde","123-63-7","CC1OC(C)OC(C)O1",132.078644,"DTXSID9023419",0,0,0.396427899599075
"4-(2,6,6-Trimethyl-cyclohex-1-enyl)-but-3-en-2-one","14901-07-6","CC(=O)C=CC1=C(C)CCCC1(C)C",192.151415,"DTXSID9025451",0,0,0.224658295512199
"Coumarin","91-64-5","O=C1OC2=C(C=CC=C2)C=C1",146.036779,"DTXSID7020348",0,0,0.433270931243896
"Cytarabine","147-94-4","NC1=NC(=O)N(C=C1)[C@@H]1O[C@H](CO)[C@@H](O)[C@@H]1O",243.085521,"DTXSID3022877",0,0,0.332615405321121
"D&C Violet 2","81-48-1","CC1=CC=C(NC2=C3C(=O)C4=C(C=CC=C4)C(=O)C3=C(O)C=C2)C=C1",329.105193,"DTXSID1026293",0,1,0.568632364273071
"Isobornyl acrylate","5888-33-5","CC1(C)[C@H]2CC[C@]1(C)[C@H](C2)OC(=O)C=C",208.14633,"DTXSID5052250",0,0,0.235593020915985
"N,N-Dimethylacetamide","127-19-5","CN(C)C(C)=O",87.068414,"DTXSID5020499",0,1,0.525253593921661
"gamma-Cyclodextrin","17465-86-0","OC[C@H]1O[C@@H]2O[C@@H]3[C@@H](CO)O[C@H](O[C@@H]4[C@@H](CO)O[C@H](O[C@@H]5[C@@H](CO)O[C@H](O[C@@H]6[C@@H](CO)O[C@H](O[C@@H]7[C@@H](CO)O[C@H](O[C@@H]8[C@@H](CO)O[C@H](O[C@@H]9[C@@H](CO)O[C@H](O[C@H]1[C@H](O)[C@H]2O)[C@H](O)[C@H]9O)[C@H](O)[C@H]8O)[C@H](O)[C@H]7O)[C@H](O)[C@H]6O)[C@H](O)[C@H]5O)[C@H](O)[C@H]4O)[C@H](O)[C@H]3O",1296.422587,"DTXSID5047033",0,0,0.391092747449875
"Benzo(f)quinoline","85-02-9","C1=CC=C2C(C=CC3=C2C=CC=N3)=C1",179.073499,"DTXSID2024585",0,0,0.21981044113636
"Cupferron","135-20-6","[NH4+].[O-]N(N=O)C1=CC=CC=C1",155.069477,"DTXSID1020352",0,0,0.280086934566498
"Hexyl propanoate","2445-76-3","CCCCCCOC(=O)CC",158.13068,"DTXSID5047582",0,0,0.343463033437729
"GW473178E methyl benzene sulphonic acid","263553-33-9","CC1=CC=C(C=C1)S(O)(=O)=O.CCN(C(C)C)C(=O)C1=CC(OC[C@H](C)NC2=CC=NC=C2)=CC(C)=C1",527.245392,"DTXSID6047313",0,0,0.254718482494354
"4-Vinylpyridine","100-43-6","C=CC1=CC=NC=C1",105.057849,"DTXSID0051499",0,0,0.361959517002106
"Ethyl dodecanoate","106-33-2","CCCCCCCCCCCC(=O)OCC",228.20893,"DTXSID4047044",0,0,0.347169518470764
"Triisopropanolamine","122-20-3","CC(O)CN(CC(C)O)CC(C)O",191.152144,"DTXSID5021415",0,0,0.354919254779816
"5,5-Diphenylhydantoin","57-41-0","O=C1NC(=O)C(N1)(C1=CC=CC=C1)C1=CC=CC=C1",252.089878,"DTXSID8020541",0,0,0.276010453701019
"Sulfacetamide","144-80-9","CC(=O)NS(=O)(=O)C1=CC=C(N)C=C1",214.041213,"DTXSID8026060",0,0,0.471425890922546
"Equilin","474-86-2","C[C@]12CC[C@H]3C(=CCC4=C3C=CC(O)=C4)[C@@H]1CCC2=O",268.14633,"DTXSID7047433",0,0,0.442011803388596
"Oxytetracycline","79-57-2","[H][C@@]12[C@@H](O)[C@@]3([H])C(C(=O)C4=C(C=CC=C4O)[C@@]3(C)O)=C(O)[C@]1(O)C(=O)C(C(N)=O)=C(O)[C@H]2N(C)C",460.14818,"DTXSID1034260",0,0,0.401709705591202
"2-Isopropyl-6-methyl-4-pyrimidone","2814-20-2","CC(C)C1=NC(=O)C=C(C)N1",152.094963,"DTXSID1027502",0,0,0.225282207131386
"Ethametsulfuron-methyl","97780-06-8","CCOC1=NC(NC)=NC(NC(=O)NS(=O)(=O)C2=C(C=CC=C2)C(=O)OC)=N1",410.100853,"DTXSID9034573",0,0,0.234213411808014
"Glycerol 1-allylether","123-34-2","OCC(O)COCC=C",132.078644,"DTXSID4044375",0,0,0.40192773938179
"N-Butyldiethanolamine","102-79-4","CCCCN(CCO)CCO",161.141579,"DTXSID1044354",0,0,0.230801597237587
"Isopentyl alcohol","123-51-3","CC(C)CCO",88.088815,"DTXSID3025469",0,0,0.248106330633163
"1,1'-[Ethane-1,2-diylbis(oxy)]bis(3-methylbenzene)","54914-85-1","CC1=CC(OCCOC2=CC=CC(C)=C2)=CC=C1",242.13068,"DTXSID6044690",0,0,0.296467870473862
"o-Xylene","95-47-6","CC1=C(C)C=CC=C1",106.07825,"DTXSID3021807",0,0,0.331698834896088
"Lauryl gallate","1166-52-5","CCCCCCCCCCCCOC(=O)C1=CC(O)=C(O)C(O)=C1",338.209324,"DTXSID0048189",0,0,0.204409420490265
"1H-1,2,4-Triazole","288-88-0","N1C=NC=N1",69.032697,"DTXSID6027131",0,0,0.275185644626617
"2,2'-Methylenebis(4-methyl-6-tert-butylphenol)","119-47-1","CC1=CC(CC2=CC(C)=CC(=C2O)C(C)(C)C)=C(O)C(=C1)C(C)(C)C",340.24023,"DTXSID4020870",0,1,0.63400673866272
"4,4'-Bipyridine","553-26-4","C1=CC(=CC=N1)C1=CC=NC=C1",156.068748,"DTXSID2027200",0,1,0.610707879066467
"Vernolate","1929-77-7","CCCSC(=O)N(CCC)CCC",203.134385,"DTXSID7024376",0,0,0.411785185337067
"4-Hydroxyandrostenedione","566-48-3","[H][C@@]12CCC(=O)[C@@]1(C)CC[C@@]1([H])[C@@]2([H])CCC2=C(O)C(=O)CC[C@]12C",302.188195,"DTXSID3034113",0,0,0.24926669895649
"2-Furylmethanethiol","98-02-2","SCC1=CC=CO1",114.013936,"DTXSID7052654",0,1,0.515101432800293
"Acetoacetanilide","102-01-2","CC(=O)CC(=O)NC1=CC=CC=C1",177.078979,"DTXSID0024397",0,0,0.429196029901505
"Imazamox","114311-32-9","COCC1=CN=C(C2=NC(C)(C(C)C)C(=O)N2)C(=C1)C(O)=O",305.137556,"DTXSID3034664",0,0,0.332607746124268
"Dibenzylamine","103-49-1","C(NCC1=CC=CC=C1)C1=CC=CC=C1",197.120449,"DTXSID6044355",0,1,0.52840518951416
"gamma-Butyrolactone","96-48-0","O=C1CCCO1",86.036779,"DTXSID6020224",0,0,0.390659272670746
"2,6-Diisopropylnaphthalene","24157-81-1","CC(C)C1=CC2=C(C=C1)C=C(C=C2)C(C)C",212.156501,"DTXSID7035272",0,0,0.256685197353363
"Triethylene glycol dimethacrylate","109-16-0","CC(=C)C(=O)OCCOCCOCCOC(=O)C(C)=C",286.141638,"DTXSID3029607",0,0,0.204082325100899
"1-Octanol","111-87-5","CCCCCCCCO",130.135765,"DTXSID7021940",0,0,0.263761878013611
"n-Amyl butyrate","540-18-1","CCCCCOC(=O)CCC",158.13068,"DTXSID4041604",0,1,0.547953307628632
"3-Methylbut-3-en-1-ol","763-32-6","CC(=C)CCO",86.073165,"DTXSID4052506",0,0,0.245931401848793
"trans-Hex-3-en-1-ol","928-97-2","CC\C=C\CCO",100.088815,"DTXSID1022138",0,0,0.471827179193497
"Ethylcyclohexane","1678-91-7","CCC1CCCCC1",112.125201,"DTXSID1051779",0,0,0.396313577890396
"4-Ethoxy-2-nitroaniline","616-86-4","CCOC1=CC(=C(N)C=C1)[N+]([O-])=O",182.069142,"DTXSID8022084",0,0,0.321645647287369
"4-Heptylphenol","1987-50-4","CCCCCCCC1=CC=C(O)C=C1",192.151415,"DTXSID2037714",0,0,0.241439670324326
"4-Methylbenzophenone","134-84-9","CC1=CC=C(C=C1)C(=O)C1=CC=CC=C1",196.088815,"DTXSID9037741",0,0,0.292575418949127
"1,2-Diphenoxyethane","104-66-5","C(COC1=CC=CC=C1)OC1=CC=CC=C1",214.09938,"DTXSID5026706",0,0,0.275028318166733
"1H,3H-Benzo(1,2-c:4,5-c')difuran-1,3,5,7-tetrone","89-32-7","O=C1OC(=O)C2=CC3=C(C=C12)C(=O)OC3=O",217.985138,"DTXSID1026536",0,1,0.599795401096344
"alpha,alpha-Dimethylphenethyl butyrate","10094-34-5","CCCC(=O)OC(C)(C)CC1=CC=CC=C1",220.14633,"DTXSID5038830",0,0,0.217204540967941
"Ethylene glycol","107-21-1","OCCO",62.036779,"DTXSID8020597",0,0,0.244573503732681
"Phenethyl cinnamate","103-53-7","O=C(OCCC1=CC=CC=C1)C=CC1=CC=CC=C1",252.11503,"DTXSID1047605",0,0,0.474624037742615
"Ethyl o-anisate","7335-26-4","CCOC(=O)C1=C(OC)C=CC=C1",180.078644,"DTXSID9047126",0,0,0.239774808287621
"1,3-Dihydro-2H-inden-2-one","615-13-4","O=C1CC2=CC=CC=C2C1",132.057515,"DTXSID7052288",0,0,0.305092811584473
"2-Phenylphenol","90-43-7","OC1=C(C=CC=C1)C1=CC=CC=C1",170.073165,"DTXSID2021151",0,0,0.248942658305168
"Diethylene glycol monomethyl ether","111-77-3","COCCOCCO",120.078644,"DTXSID3025049",0,0,0.329350292682648
"Benzyl cinnamate","103-41-3","O=C(OCC1=CC=CC=C1)C=CC1=CC=CC=C1",238.09938,"DTXSID3041663",0,0,0.425455629825592
"rel-(1S,5S)-3,3,5-Trimethylcyclohexanol","933-48-2","C[C@@H]1C[C@H](O)CC(C)(C)C1",142.135765,"DTXSID1047570",0,0,0.240216061472893
"2-Methylpropyl but-2-enoate","589-66-2","CC=CC(=O)OCC(C)C",142.09938,"DTXSID7047691",0,0,0.221135571599007
"Di-p-methylbenzylidenesorbitol","81541-12-0","[H][C@]12COC(O[C@@]1([H])[C@]([H])(OC(O2)C1=CC=C(C)C=C1)[C@H](O)CO)C1=CC=C(C)C=C1",386.172939,"DTXSID3051381",0,0,0.428182184696198
"4,4'-Propane-2,2-diyldicyclohexanol","80-04-6","CC(C)(C1CCC(O)CC1)C1CCC(O)CC1",240.20893,"DTXSID0044993",0,0,0.445297747850418
"2,2'-Methylenebis(ethyl-6-tert-butylphenol)","88-24-4","CCC1=CC(CC2=C(O)C(=CC(CC)=C2)C(C)(C)C)=C(O)C(=C1)C(C)(C)C",368.27153,"DTXSID7038864",0,0,0.451677203178406
"4-Methoxy-2-methyl-N-phenylaniline","41317-15-1","COC1=CC=C(NC2=CC=CC=C2)C(C)=C1",213.115364,"DTXSID3029364",0,1,0.633127331733704
"4-Butylphenol","1638-22-8","CCCCC1=CC=C(O)C=C1",150.104465,"DTXSID3047425",0,0,0.329423636198044
"Methomyl","16752-77-5","CNC(=O)ON=C(C)SC",162.046299,"DTXSID1022267",0,0,0.405753344297409
"d-Carvone","2244-16-8","CC(=C)[C@H]1CC=C(C)C(=O)C1",150.104465,"DTXSID8020256",0,0,0.352092355489731
"4'-tert-Butyl-2',6'-dimethylacetophenone","2040-10-0","CC(=O)C1=C(C)C=C(C=C1C)C(C)(C)C",204.151415,"DTXSID9047120",0,0,0.310532808303833
"Hexyl acrylate","2499-95-8","CCCCCCOC(=O)C=C",156.11503,"DTXSID5022194",0,0,0.3153315782547
"Linalyl cinnamate","78-37-5","CC(C)=CCCC(C)(OC(=O)C=CC1=CC=CC=C1)C=C",284.17763,"DTXSID4047410",0,1,0.516409277915955
"(L)-(-)-Ethyl lactate","687-47-8","CCOC(=O)[C@H](C)O",118.062994,"DTXSID9042336",0,0,0.22955895960331
"2-Ethyl-1,3-hexanediol","94-96-2","CCCC(O)C(CC)CO",146.13068,"DTXSID4025292",0,0,0.213453322649002
"2-methyl-6-methylideneoct-7-en-2-yl acetate","1118-39-4","CC(=O)OC(C)(C)CCCC(=C)C=C",196.14633,"DTXSID4047416",0,0,0.234643042087555
"2-Methylpyrazine","109-08-0","CC1=NC=CN=C1",94.053098,"DTXSID4047620",0,0,0.335962444543839
"1-tert-Butyl-3,4,5-trimethyl-2,6-dinitrobenzene","145-39-1","CC1=C(C)C(=C(C(=C1C)[N+]([O-])=O)C(C)(C)C)[N+]([O-])=O",266.126657,"DTXSID9044582",0,0,0.206938043236732
"Bifenazate","149877-41-8","COC1=C(NNC(=O)OC(C)C)C=C(C=C1)C1=CC=CC=C1",300.147393,"DTXSID5032525",0,0,0.471556484699249
"Methyl 3-sulfamoylthiophene-2-carboxylate","59337-93-8","COC(=O)C1=C(C=CS1)S(N)(=O)=O",220.98165,"DTXSID0044490",0,0,0.235542610287666
"3-Carene","13466-78-9","CC1=CCC2C(C1)C2(C)C",136.125201,"DTXSID4047462",0,0,0.25758358836174
"Pentetic acid","67-43-6","OC(=O)CN(CCN(CC(O)=O)CC(O)=O)CCN(CC(O)=O)CC(O)=O",393.138344,"DTXSID2023434",0,0,0.381663024425507
"Hexadecanoic acid","57-10-3","CCCCCCCCCCCCCCCC(O)=O",256.24023,"DTXSID2021602",0,0,0.261059582233429
"Citronellic acid","502-47-6","CC(CCC=C(C)C)CC(O)=O",170.13068,"DTXSID1047106",0,0,0.267246723175049
"Acetone thiosemicarbazide","1752-30-3","CC(C)=NNC(N)=S",131.051718,"DTXSID6044480",0,0,0.231856316328049
"N,N'-Di-2-naphthyl-p-phenylenediamine","93-46-9","N(C1=CC=C(NC2=CC=C3C=CC=CC3=C2)C=C1)C1=CC=C2C=CC=CC2=C1",360.162649,"DTXSID3020918",0,1,0.530551493167877
"2-Methyl-2-nitro-1-propanol","76-39-1","CC(C)(CO)[N+]([O-])=O",119.058243,"DTXSID8026436",0,1,0.601144433021545
"2-Ethyl-6-methylaniline","24549-06-2","CCC1=CC=CC(C)=C1N",135.104799,"DTXSID7027833",0,0,0.390613436698914
"Butyl vinyl ether","111-34-2","CCCCOC=C",100.088815,"DTXSID5051575",0,0,0.214304029941559
"Riboflavin","83-88-5","CC1=CC2=C(C=C1C)N(C[C@H](O)[C@H](O)[C@H](O)CO)C1=NC(=O)NC(=O)C1=N2",376.138284,"DTXSID8021777",0,0,0.382643759250641
"2,3-Hexanedione","3848-24-6","CCCC(=O)C(C)=O",114.06808,"DTXSID2047066",0,0,0.421552628278732
"1-Dodecanethiol","112-55-0","CCCCCCCCCCCCS",202.175522,"DTXSID6025220",0,0,0.454614996910095
"Methyl 3-methylorsellinate","4707-47-5","COC(=O)C1=C(O)C(C)=C(O)C=C1C",196.073559,"DTXSID9041653",0,0,0.311691552400589
"2,4-Dinitroanisole","119-27-7","COC1=CC=C(C=C1[N+]([O-])=O)[N+]([O-])=O",198.027671,"DTXSID9041366",0,0,0.441803693771362
"Imidodicarbonic diamide","108-19-0","NC(=O)NC(N)=O",103.038176,"DTXSID2026783",0,1,0.488433569669724
"N-Phenyl-1,4-benzenediamine","101-54-2","NC1=CC=C(NC2=CC=CC=C2)C=C1",184.100048,"DTXSID7025895",0,0,0.258047819137573
"(-)-alpha-Cedrene","469-61-4","[H][C@@]12CC[C@@H](C)[C@]11C[C@@H](C(C)=CC1)C2(C)C",204.187801,"DTXSID0047032",0,1,0.537015974521637
"4-Toluenesulfonamide","70-55-3","CC1=CC=C(C=C1)S(N)(=O)=O",171.0354,"DTXSID8029105",0,0,0.296103537082672
"Ampicillin","69-53-4","[H][C@]12SC(C)(C)[C@@H](N1C(=O)[C@H]2NC(=O)[C@H](N)C1=CC=CC=C1)C(O)=O",349.109627,"DTXSID4022602",0,0,0.211117908358574
"2,6-Dinitrotoluene","606-20-2","CC1=C(C=CC=C1[N+]([O-])=O)[N+]([O-])=O",182.032757,"DTXSID5020528",0,0,0.210395857691765
"Benzo(b)fluoranthene","205-99-2","C1=CC=C2C(=C1)C1=CC=CC3=C4C=CC=CC4=CC2=C13",252.0939,"DTXSID0023907",0,0,0.283034473657608
"Levomenol","23089-26-1","CC(C)=CCC[C@](C)(O)[C@H]1CCC(C)=CC1",222.198365,"DTXSID4042094",0,0,0.292192935943604
"4-Hydroxytamoxifen","68392-35-8","CCC(=C(C1=CC=C(O)C=C1)C1=CC=C(OCCN(C)C)C=C1)C1=CC=CC=C1",387.219829,"DTXSID3037094",0,0,0.310842275619507
"N,N,N',N'-Tetramethyltrimethylenediamine","110-95-2","CN(C)CCCN(C)C",130.146999,"DTXSID9047469",0,1,0.557435035705566
"n-Undecyl cyanide","2437-25-4","CCCCCCCCCCCC#N",181.18305,"DTXSID1022188",0,0,0.234593823552132
"1,3-Benzenedimethanamine","1477-55-0","NCC1=CC(CN)=CC=C1",136.100048,"DTXSID9029649",0,0,0.275718331336975
"2-Hydroxyacetanilide","614-80-2","CC(=O)NC1=C(O)C=CC=C1",151.063329,"DTXSID8022082",0,0,0.21722312271595
"Nitromethane","75-52-5","C[N+]([O-])=O",61.016378,"DTXSID2020977",0,0,0.228206500411034
"1-Ethoxy-2-propanol","1569-02-4","CCOCC(C)O",104.08373,"DTXSID1041267",0,1,0.517884016036987
"n-Dodecylbenzene","123-01-3","CCCCCCCCCCCCC1=CC=CC=C1",246.234751,"DTXSID7026994",0,0,0.379157900810242
"4-Propylphenol","645-56-7","CCCC1=CC=C(O)C=C1",136.088815,"DTXSID9022100",0,0,0.238036707043648
"4-(Hydroxymethyl)-4-methyl-1-phenylpyrazolidin-3-one","13047-13-7","CC1(CO)CN(NC1=O)C1=CC=CC=C1",206.105528,"DTXSID9044794",0,0,0.43010288476944
"2-Methyl-4-propyl-1,3-oxathiane","67715-80-4","CCCC1CCOC(C)S1",160.092186,"DTXSID9047706",0,0,0.229508563876152
"2-(4-Tert-Butylbenzyl)propionaldehyde","80-54-6","CC(CC1=CC=C(C=C1)C(C)(C)C)C=O",204.151415,"DTXSID9026500",0,0,0.252866148948669
"2-Methylpentanal","123-15-9","CCCC(C)C=O",100.088815,"DTXSID9021978",0,0,0.399758070707321
"Isobornyl acetate","125-12-2","CC(=O)O[C@H]1C[C@@H]2CC[C@@]1(C)C2(C)C",196.14633,"DTXSID7042061",0,0,0.227530762553215
"2-Ethylhexyl acetate","103-09-3","CCCCC(CC)COC(C)=O",172.14633,"DTXSID8026694",0,0,0.416556656360626
"Benz(a)anthracene","56-55-3","C1=CC2=C(C=C1)C=C1C(C=CC3=C1C=CC=C3)=C2",228.0939,"DTXSID5023902",1,1,0.502600848674774
"2-[2-(2-Butoxyethoxy)ethoxy]ethanol","143-22-6","CCCCOCCOCCOCCO",206.151809,"DTXSID7021520",1,1,0.504386484622955
"Bisphenol A glycidyl methacrylate","1565-94-2","CC(=C)C(=O)OCC(O)COC1=CC=C(C=C1)C(C)(C)C1=CC=C(OCC(O)COC(=O)C(C)=C)C=C1",512.241018,"DTXSID7044841",1,1,0.521659791469574
"2,3-Dihydro-1H-indene","496-11-7","C1CC2=CC=CC=C2C1",118.07825,"DTXSID4052132",1,1,0.495484262704849
"3'-Amino-4'-methoxyacetanilide","6375-47-9","COC1=C(N)C=C(NC(C)=O)C=C1",180.089878,"DTXSID2027620",1,1,0.693955302238464
"Ethofumesate","26225-79-6","CCOC1OC2=C(C=C(OS(C)(=O)=O)C=C2)C1(C)C",286.087495,"DTXSID8034580",1,1,0.704832792282104
"Citronellyl isobutyrate","97-89-2","CC(CCOC(=O)C(C)C)CCC=C(C)C",226.19328,"DTXSID7052652",1,1,0.633781015872955
"Melengestrol acetate","2919-66-6","CC(=O)O[C@]1(C(C)=O)C(=C)C[C@H]2[C@@H]3C=C(C)C4=CC(=O)CC[C@]4(C)[C@H]3CC[C@]12C",396.23006,"DTXSID5048184",1,1,0.587971925735474
"Phenacetin","62-44-2","CCOC1=CC=C(NC(C)=O)C=C1",179.094629,"DTXSID1021116",1,1,0.571014523506165
"Methyl glyoxal","78-98-8","CC(=O)C=O",72.021129,"DTXSID0021628",1,1,0.561107277870178
"Dibutyl butanedioate","141-03-7","CCCCOC(=O)CCC(=O)OCCCC",230.151809,"DTXSID7021998",1,1,0.612685024738312
"1-Methoxy-2-propanol","107-98-2","COCC(C)O",90.06808,"DTXSID8024284",1,0,0.377415329217911
"2-Methylanthraquinone","84-54-8","CC1=CC2=C(C=C1)C(=O)C1=CC=CC=C1C2=O",222.06808,"DTXSID5041439",1,1,0.64841616153717
"12-Oxahexadecanolide","6707-60-4","O=C1CCCCCCCCCCOCCCCO1",256.203845,"DTXSID4047705",1,1,0.487632185220718
"Terpinyl propionate","80-27-3","CCC(=O)OC(C)(C)C1CCC(C)=CC1",210.16198,"DTXSID3044833",1,1,0.715623438358307
"1-Tetradecanol","112-72-1","CCCCCCCCCCCCCCO",214.229666,"DTXSID9026926",1,1,0.697412192821503
"Carvyl acetate","97-42-7","CC(=O)OC1CC(CC=C1C)C(C)=C",194.13068,"DTXSID3024738",1,1,0.711075723171234
"(4-Methoxyphenyl)methanol","105-13-5","COC1=CC=C(CO)C=C1",138.06808,"DTXSID6044357",1,1,0.605816841125488
"2-Methylimidazole","693-98-1","CC1=NC=CN1",82.053098,"DTXSID4022107",1,1,0.678455352783203
"1-Phenylpropan-1-one","93-55-0","CCC(=O)C1=CC=CC=C1",134.073165,"DTXSID2044470",1,1,0.703953206539154
"Cycloate","1134-23-2","CCSC(=O)N(CC)C1CCCCC1",215.134385,"DTXSID6032356",1,1,0.612837851047516
"4,4'-Oxybis(benzenesulfohydrazide)","80-51-3","NNS(=O)(=O)C1=CC=C(OC2=CC=C(C=C2)S(=O)(=O)NN)C=C1",358.040562,"DTXSID7026499",1,1,0.694575190544128
"1-Butoxy-1-oxopropan-2-yl butanoate","7492-70-8","CCCCOC(=O)C(C)OC(=O)CCC",216.136159,"DTXSID3044831",1,1,0.633625864982605
"Sulfamic acid","5329-14-6","NS(O)(=O)=O",96.983364,"DTXSID6034005",1,1,0.707843601703644
"o-Ethoxyphenol","94-71-3","CCOC1=C(O)C=CC=C1",138.06808,"DTXSID2042276",1,1,0.752263844013214
"4-Methoxybenzyl acetate","104-21-2","COC1=CC=C(COC(C)=O)C=C1",180.078644,"DTXSID1044770",1,1,0.590789496898651
"Erythromycin","114-07-8","CC[C@H]1OC(=O)[C@H](C)[C@@H](O[C@H]2C[C@@](C)(OC)[C@@H](O)[C@H](C)O2)[C@H](C)[C@@H](O[C@@H]2O[C@H](C)C[C@@H]([C@H]2O)N(C)C)[C@](C)(O)C[C@@H](C)C(=O)[C@H](C)[C@@H](O)[C@]1(C)O",733.461241,"DTXSID4022991",1,1,0.700582146644592
"Benzeneacetic acid, ethyl ester","101-97-3","CCOC(=O)CC1=CC=CC=C1",164.08373,"DTXSID6044353",1,1,0.725993394851685
"3,3,5-Trimethylcyclohexanol","116-02-9","CC1CC(O)CC(C)(C)C1",142.135765,"DTXSID9041815",1,1,0.690989851951599
"4-Methyl-1-(1-methylethyl)-3-cyclohexen-1-ol","562-74-3","CC(C)C1(O)CCC(C)=CC1",154.135765,"DTXSID4044824",1,1,0.724220633506775
"3-Methyl-2-butanone","563-80-4","CC(C)C(C)=O",86.073165,"DTXSID0022062",1,1,0.638012945652008
"Propofol","2078-54-8","CC(C)C1=CC=CC(C(C)C)=C1O",178.135765,"DTXSID6023523",1,0,0.47035676240921
"Hexa-2,4-dienyl isobutyrate","16491-24-0","CC=CC=CCOC(=O)C(C)C",168.11503,"DTXSID4047414",1,1,0.561571419239044
"1,3-Bis(4-nitrophenyl)urea 4,6-dimethylpyrimidin-2-ol (1:1)","330-95-0","CC1=CC(C)=NC(=O)N1.[O-][N+](=O)C1=CC=C(NC(=O)NC2=CC=C(C=C2)[N+]([O-])=O)C=C1",426.128782,"DTXSID6034762",1,1,0.746766686439514
"1-Butanol","71-36-3","CCCCO",74.073165,"DTXSID1021740",1,1,0.706453323364258
"Dibutyl sulfide","544-40-1","CCCCSCCCC",146.112922,"DTXSID6022058",1,1,0.661718428134918
"4,4'-(Isopropylidenebis(4,1-phenyleneoxy))dianiline","13080-86-9","CC(C)(C1=CC=C(OC2=CC=C(N)C=C2)C=C1)C1=CC=C(OC2=CC=C(N)C=C2)C=C1",410.199428,"DTXSID5051650",1,1,0.531171798706055
"Terbumeton","33693-04-8","CCNC1=NC(OC)=NC(NC(C)(C)C)=N1",225.15896,"DTXSID1042445",1,1,0.601098835468292
"4-tert-Butylphenyl salicylate","87-18-3","CC(C)(C)C1=CC=C(OC(=O)C2=C(O)C=CC=C2)C=C1",270.125594,"DTXSID9037745",1,1,0.600282430648804
"Phenylparaben","17696-62-7","OC1=CC=C(C=C1)C(=O)OC1=CC=CC=C1",214.062994,"DTXSID4047882",1,0,0.459194421768188
"Dihydrojasmone lactone","7011-83-8","CCCCCCC1(C)CCC(=O)O1",184.14633,"DTXSID3041299",1,1,0.735322117805481
"CP-105696","158081-99-3","O[C@@H]1[C@@H](CC2=CC=C(C=C2)C2=CC=CC=C2)COC2=C1C=CC(=C2)C1(CCCC1)C(O)=O",428.198759,"DTXSID7047308",1,1,0.596380472183228
"UK-156819","162706-14-1","CC1=C(C2=C(C=CC=C2)N1CCCCC(O)=O)C1=CN=CC=C1",308.152478,"DTXSID2047309",1,1,0.729643762111664
"Oxamyl","23135-22-0","CNC(=O)ON=C(SC)C(=O)N(C)C",219.067762,"DTXSID6021086",1,1,0.694288015365601
"2-Carboxyethyl acrylate","24615-84-7","OC(=O)CCOC(=O)C=C",144.042259,"DTXSID2027834",1,1,0.635010719299316
"Ethyl undec-10-enoate","692-86-4","CCOC(=O)CCCCCCCCC=C",212.17763,"DTXSID4044828",1,1,0.640940845012665
"alpha-Isomethylionone","127-51-5","CC(=O)C(C)=CC1C(C)=CCCC1(C)C",206.167065,"DTXSID7027047",1,1,0.564535796642303
"1-Phenylethyl propionate","120-45-6","CCC(=O)OC(C)C1=CC=CC=C1",178.09938,"DTXSID9047091",0,0,0.480125665664673
"1,3,5-Undecatriene","16356-11-9","CCCCCC=CC=CC=C",150.140851,"DTXSID9047546",0,0,0.217217370867729
"Isovaleric acid","503-74-2","CC(C)CC(O)=O",102.06808,"DTXSID5029182",0,0,0.226606339216232
"1,1-Dimethoxyoctane","10022-28-3","CCCCCCCC(OC)OC",174.16198,"DTXSID1047520",0,0,0.237424597144127
"1-(Methylsulfanyl)dodecane","3698-89-3","CCCCCCCCCCCCSC",216.191172,"DTXSID2044929",0,0,0.31301137804985
"6-Methylhept-5-en-2-ol","1569-60-4","CC(O)CCC=C(C)C",128.120115,"DTXSID8051754",0,0,0.213553354144096
"2,4,6-Tris(tert-butyl)phenol","732-26-3","CC(C)(C)C1=CC(=C(O)C(=C1)C(C)(C)C)C(C)(C)C",262.229666,"DTXSID2021311",0,1,0.494985997676849
"1-Ethyl-2-methylbenzene","611-14-3","CCC1=CC=CC=C1C",120.0939,"DTXSID2050403",0,0,0.224806487560272
"Rosiglitazone maleate","155141-29-0","OC(=O)\C=C/C(O)=O.CN(CCOC1=CC=C(CC2SC(=O)NC2=O)C=C1)C1=CC=CC=N1",473.125671,"DTXSID2023569",0,0,0.306911140680313
"1,4-Dihydroxy-2-naphthoic acid","31519-22-9","OC(=O)C1=C(O)C2=CC=CC=C2C(O)=C1",204.042259,"DTXSID0037730",0,0,0.220855921506882
"Isoborneol","124-76-5","CC1(C)[C@@H]2CC[C@@]1(C)[C@H](O)C2",154.135765,"DTXSID2042060",0,1,0.512261390686035
"CP-422935","NOCAS_47299","CS(O)(=O)=O.CCOC1=CC=CC(=C1)[C@]1(CC[C@H](C)CC1)N1CCN(CC1)C1=CC=CC=C1",474.255229,"DTXSID5047299",0,0,0.227611914277077
"4-Butylaniline","104-13-2","CCCCC1=CC=C(N)C=C1",149.120449,"DTXSID8021856",0,0,0.284980297088623
"4-Hydroxyoctanoic acid lactone","104-50-7","CCCCC1CCC(=O)O1",142.09938,"DTXSID1047609",0,0,0.415308952331543
"10-Undecen-1-al","112-45-8","C=CCCCCCCCCC=O",168.151415,"DTXSID3037757",0,0,0.344550400972366
"Estriol","50-27-1","C[C@]12CC[C@H]3[C@@H](CCC4=C3C=CC(O)=C4)[C@@H]1C[C@@H](O)[C@@H]2O",288.172545,"DTXSID9022366",0,0,0.2422856092453
"4-Methoxymethylcyclohexanemethanol","98955-27-2","COCC1CCC(CO)CC1",158.13068,"DTXSID4072990",0,0,0.418346077203751
"Ethyl orthoformate","122-51-0","CCOC(OCC)OCC",148.109944,"DTXSID8041957",0,0,0.276713788509369
"Dibutyl 1,2-benzenedicarboxylate","84-74-2","CCCCOC(=O)C1=CC=CC=C1C(=O)OCCCC",278.151809,"DTXSID2021781",0,0,0.236925795674324
"1-(2-Isocyanatopropan-2-yl)-3-(prop-1-en-2-yl)benzene","2094-99-7","CC(=C)C1=CC(=CC=C1)C(C)(C)N=C=O",201.115364,"DTXSID9044871",0,0,0.224311262369156
"1-Phenoxy-2-propanol","770-35-4","CC(O)COC1=CC=CC=C1",152.08373,"DTXSID9027312",0,0,0.257343202829361
"Cyclosporin A","59865-13-3","[H][C@@]1([C@H](O)[C@H](C)C\C=C\C)N(C)C(=O)[C@H](C(C)C)N(C)C(=O)[C@H](CC(C)C)N(C)C(=O)[C@H](CC(C)C)N(C)C(=O)[C@@H](C)NC(=O)[C@H](C)NC(=O)[C@H](CC(C)C)N(C)C(=O)[C@@H](NC(=O)[C@H](CC(C)C)N(C)C(=O)CN(C)C(=O)[C@H](CC)NC1=O)C(C)C",1201.841368,"DTXSID0020365",0,0,0.240773648023605
"Linalool","78-70-6","CC(C)=CCCC(C)(O)C=C",154.135765,"DTXSID7025502",0,0,0.260052800178528
"Metoprolol","51384-51-1","COCCC1=CC=C(OCC(O)CNC(C)C)C=C1",267.183444,"DTXSID2023309",0,0,0.300659507513046
"PHA-00568487","527680-56-4","O=C(N[C@H]1CN2CCC1CC2)C1=CC2=C(OCCO2)C=C1",288.147393,"DTXSID1047285",0,0,0.2242671251297
"(S)-Limonene","5989-54-8","CC(=C)[C@H]1CCC(C)=CC1",136.125201,"DTXSID6047078",0,0,0.407575905323029
"5-Nitro-o-anisidine","99-59-2","COC1=C(N)C=C(C=C1)[N+]([O-])=O",168.053492,"DTXSID0020943",0,0,0.229751482605934
"Bis(2-ethylhexyl) decanedioate","122-62-3","CCCCC(CC)COC(=O)CCCCCCCCC(=O)OCC(CC)CCCC",426.37091,"DTXSID7025055",0,1,0.481734573841095
"Musk ketone","81-14-1","CC(=O)C1=C(C)C(=C(C(=C1C)[N+]([O-])=O)C(C)(C)C)[N+]([O-])=O",294.121572,"DTXSID6025690",0,1,0.560722351074219
"C.I. Solvent Yellow 56","2481-94-9","CCN(CC)C1=CC=C(C=C1)N=NC1=CC=CC=C1",253.157898,"DTXSID8041745",0,0,0.277805149555206
"4-Cumylphenol","599-64-4","CC(C)(C1=CC=CC=C1)C1=CC=C(O)C=C1",212.120115,"DTXSID3022536",0,0,0.266521811485291
"1,2-Dimethyl-3-nitrobenzene","83-41-0","CC1=CC=CC(=C1C)[N+]([O-])=O",151.063329,"DTXSID7025132",0,0,0.311605304479599
"Tripropylene glycol","24800-44-0","C*.C*.C*.OCCOCCOCCO |lp:6:2,9:2,12:2,15:2,m:1:13.14,3:11.10,5:8.7|",192.136159,"DTXSID7027837",0,0,0.244394138455391
"2-(2-Methylbutan-2-yl)cyclohexyl acetate","67874-72-0","CCC(C)(C)C1CCCCC1OC(C)=O",212.17763,"DTXSID0044573",0,1,0.545319080352783
"Lactic acid","50-21-5","CC(O)C(O)=O",90.031694,"DTXSID7023192",0,0,0.35614800453186
"2,6-Dimethyl-2,4,6-octatriene","673-84-7","CC=C(C)C=CC=C(C)C",136.125201,"DTXSID4027288",0,0,0.462027281522751
"(+/-)-2,3-Dihydroxypropyl tetradecanoate","589-68-4","CCCCCCCCCCCCCC(=O)OCC(O)CO",302.24571,"DTXSID0042454",0,0,0.217984512448311
"Anthralin","1143-38-0","OC1=C2C(CC3=CC=CC(O)=C3C2=O)=CC=C1",226.062994,"DTXSID7024538",0,0,0.385882049798965
"{2-[2-(Ethenyloxy)ethoxy]ethoxy}ethene","764-99-8","C=COCCOCCOC=C",158.094294,"DTXSID6044985",0,0,0.438119441270828
"6-Ethoxy-2,2,4-trimethyl-1,2,3,4-tetrahydroquinoline","16489-90-0","CCOC1=CC=C2NC(C)(C)CC(C)C2=C1",219.162314,"DTXSID6042365",0,0,0.271115511655807
"Triethanolamine","102-71-6","OCCN(CCO)CCO",149.105193,"DTXSID9021392",0,0,0.355207294225693
"Benzylacetone","2550-26-7","CC(=O)CCC1=CC=CC=C1",148.088815,"DTXSID6033241",0,0,0.457095921039581
"alpha-Terpinyl acetate","80-26-2","CC(=O)OC(C)(C)C1CCC(C)=CC1",196.14633,"DTXSID2026496",0,0,0.303393214941025
"1,3-Dioxolane","646-06-0","C1COCO1",74.036779,"DTXSID4027284",0,0,0.391388714313507
"1,4-Dihydroxyanthracene-9,10-dione","81-64-1","OC1=CC=C(O)C2=C1C(=O)C1=C(C=CC=C1)C2=O",240.042259,"DTXSID8044464",0,0,0.436442613601685
"N-Formylpiperidine","2591-86-8","O=CN1CCCCC1",113.084064,"DTXSID8043941",0,0,0.226583138108253
"Diketometribuzin","56507-37-0","CC(C)(C)C1=NNC(=O)N(N)C1=O",184.096026,"DTXSID9037616",0,0,0.444773882627487
"Limonene diepoxide","96-08-2","CC1OC1C1CCC2(C)OC2C1",168.11503,"DTXSID9042097",0,0,0.340569466352463
"2,6,8-Trimethyl-4-nonanone","123-18-2","CC(C)CC(C)CC(=O)CC(C)C",184.182715,"DTXSID7026998",0,0,0.462656378746033
"N,N,4-Trimethylaniline","99-97-8","CN(C)C1=CC=C(C)C=C1",135.104799,"DTXSID0021832",0,0,0.237559631466866
"1,3-Dimethyl-4-nitrobenzene","89-87-2","CC1=CC(C)=C(C=C1)[N+]([O-])=O",151.063329,"DTXSID2025135",0,0,0.395790606737137
"sec-Butylurea","689-11-2","CCC(C)NC(N)=O",116.094963,"DTXSID8027294",0,0,0.290136426687241
"2,6-Di-tert-butyl-4-[(dimethylamino)methyl]phenol","88-27-7","CN(C)CC1=CC(=C(O)C(=C1)C(C)(C)C)C(C)(C)C",263.224915,"DTXSID0044997",0,0,0.239151358604431
"(Z)-11-Hexadecenal","53939-28-9","CCCC\C=C/CCCCCCCCCC=O",238.229666,"DTXSID1032303",0,0,0.242355048656464
"2-Phenylethyl phenylacetate","102-20-5","O=C(CC1=CC=CC=C1)OCCC1=CC=CC=C1",240.11503,"DTXSID0044494",0,0,0.236368402838707
"PharmaGSID_48521","1191914-21-2","CCCC[C@H]1CN(CC2CCOCC2)C(=O)OC11CCN(CC1)C1(C)CCN(CC1)C(=O)C1=C(C)N=CN=C1C",555.378455,"DTXSID8048521",0,0,0.283164530992508
"3-Methylbutyl acetate","123-92-2","CC(C)CCOC(C)=O",130.09938,"DTXSID9025453",0,0,0.247444733977318
"4-Methylpent-3-en-2-one","141-79-7","CC(C)=CC(C)=O",98.073165,"DTXSID1029170",0,0,0.445635944604874
"1,5-Naphthalene diisocyanate","3173-72-6","O=C=NC1=CC=CC2=C(C=CC=C12)N=C=O",210.042927,"DTXSID8040145",0,0,0.222801864147186
"Cyclamen aldehyde","103-95-7","CC(CC1=CC=C(C=C1)C(C)C)C=O",190.135765,"DTXSID2044769",0,0,0.440149933099747
"Isobutyl salicylate","87-19-4","CC(C)COC(=O)C1=CC=CC=C1O",194.094294,"DTXSID3047186",0,0,0.417379051446915
"Arbutin","497-76-7","OC[C@H]1O[C@@H](OC2=CC=C(O)C=C2)[C@H](O)[C@@H](O)[C@@H]1O",272.089603,"DTXSID7040152",0,0,0.413240194320679
"4-Nitro-1,2-phenylenediamine","99-56-9","NC1=C(N)C=C(C=C1)[N+]([O-])=O",153.053826,"DTXSID9020958",0,0,0.414888441562653
"Famoxadone","131807-57-3","CC1(OC(=O)N(NC2=CC=CC=C2)C1=O)C1=CC=C(OC2=CC=CC=C2)C=C1",374.126657,"DTXSID8034588",0,0,0.229855507612228
"5,5'-Oxybis(2-benzofuran-1,3-dione)","1823-59-2","O=C1OC(=O)C2=C1C=CC(OC1=CC3=C(C=C1)C(=O)OC3=O)=C2",310.011353,"DTXSID1044859",0,0,0.334846764802933
"2-Hydroxybenzonitrile","611-20-1","OC1=C(C=CC=C1)C#N",119.037114,"DTXSID3041661",0,0,0.272631943225861
"Praziquantel","55268-74-1","O=C(C1CCCCC1)N1CC2N(CCC3=C2C=CC=C3)C(=O)C1",312.183778,"DTXSID9021182",0,0,0.342952042818069
"Glycidol","556-52-5","OCC1CO1",74.036779,"DTXSID4020666",0,0,0.387606710195541
"4-Oxopentanoic acid","123-76-2","CC(=O)CCC(O)=O",116.047344,"DTXSID8021648",0,0,0.237258493900299
"alpha-Angelica lactone","591-12-8","CC1=CCC(=O)O1",98.036779,"DTXSID7047693",0,1,0.57144820690155
"2,3-Butanediol","513-85-9","CC(O)C(C)O",90.06808,"DTXSID8041321",0,0,0.360868066549301
"Sulfosuccinic acid","5138-18-1","OC(=O)CC(C(O)=O)S(O)(=O)=O",197.983424,"DTXSID8042426",0,0,0.213428944349289
"2,4-Dimethyl-3-cyclohexene-1-carboxaldehyde","68039-49-6","CC1C=C(C)CCC1C=O",138.104465,"DTXSID5044574",0,0,0.254869252443314
"1-Hexanethiol","111-31-9","CCCCCCS",118.081622,"DTXSID0051574",0,0,0.465280026197433
"(-)-beta-Pinene","18172-67-3","CC1(C)[C@@H]2C[C@H]1C(=C)CC2",136.125201,"DTXSID1041184",0,0,0.360762417316437
"2,5-Di-tert-butylbenzene-1,4-diol","88-58-4","CC(C)(C)C1=CC(O)=C(C=C1O)C(C)(C)C",222.16198,"DTXSID8041248",0,0,0.278246849775314
"2-Anisidine","90-04-0","COC1=CC=CC=C1N",123.068414,"DTXSID5023877",0,0,0.236581057310104
"3-Nitrobenzoic acid","121-92-6","OC(=O)C1=CC=CC(=C1)[N+]([O-])=O",167.021858,"DTXSID0025737",0,1,0.610832571983337
"1-Dodecanamine","124-22-1","CCCCCCCCCCCCN",185.21435,"DTXSID3021984",0,1,0.599767982959747
"3-Methyl-2-buten-1-ol","556-82-1","CC(C)=CCO",86.073165,"DTXSID2027206",0,0,0.251440227031708
"Dimethyl sulfone","67-71-0","CS(C)(=O)=O",94.008851,"DTXSID4043937",0,0,0.375152379274368
"3-Methyl-4,6-di-tert-butylphenol","497-39-2","CC1=C(C=C(C(O)=C1)C(C)(C)C)C(C)(C)C",220.182715,"DTXSID1041502",0,0,0.446143686771393
"2-tert-Butylcyclohexyl acetate","88-41-5","CC(=O)OC1CCCCC1C(C)(C)C",198.16198,"DTXSID3036105",0,1,0.491933524608612
"4-(4-Methoxyphenyl)-2-butanone","104-20-1","COC1=CC=C(CCC(C)=O)C=C1",178.09938,"DTXSID5047166",0,0,0.413158744573593
"3,3'-Diaminobenzidine","91-95-2","NC1=CC=C(C=C1N)C1=CC(N)=C(N)C=C1",214.121846,"DTXSID2036827",0,0,0.347091645002365
"Geranyl tiglate","7785-33-3","C\C=C(/C)C(=O)OC\C=C(/C)CCC=C(C)C",236.17763,"DTXSID9047413",0,0,0.354241728782654
"Thiabendazole","148-79-8","N1C2=C(C=CC=C2)N=C1C1=CSC=N1",201.036068,"DTXSID0021337",0,0,0.444529324769974
"Dimethyl sulfoxide","67-68-5","CS(C)=O",78.013936,"DTXSID2021735",0,0,0.24236798286438
"Methyl octanoate","111-11-5","CCCCCCCC(=O)OC",158.13068,"DTXSID2026864",0,0,0.262005835771561
"Pinoxaden","243973-20-8","CCC1=CC(C)=CC(CC)=C1C1=C(OC(=O)C(C)(C)C)N2CCOCCN2C1=O",400.236208,"DTXSID8034823",0,0,0.250613749027252
"(2E)-3,7-Dimethyl-2,6-octadien-1-ol","106-24-1","CC(C)=CCC\C(C)=C\CO",154.135765,"DTXSID8026727",0,0,0.219258725643158
"2-Octyl-1-dodecanol","5333-42-6","CCCCCCCCCCC(CO)CCCCCCCC",298.323566,"DTXSID3036288",0,0,0.224983692169189
"Benzophenone","119-61-9","O=C(C1=CC=CC=C1)C1=CC=CC=C1",182.073165,"DTXSID0021961",0,1,0.683996677398682
"beta-Nitrostyrene","102-96-5","[O-][N+](=O)C=CC1=CC=CC=C1",149.047678,"DTXSID0025789",0,0,0.45377716422081
"Ethane-1,2-diyl bis(sulfanylacetate)","123-81-9","SCC(=O)OCCOC(=O)CS",210.002051,"DTXSID0044527",0,0,0.446540594100952
"PharmaGSID_48509","NOCAS_48509","CCCN(C1CCN(CC1)C(=O)C1CCNCC1)[C@@H]1CCC2=C(C1)C=C(OC)C=C2",413.304228,"DTXSID0048509",0,0,0.226021617650986
"Ethyl cyanoacrylate","7085-85-0","CCOC(=O)C(=C)C#N",125.047678,"DTXSID1025279",0,0,0.27713468670845
"N,N-Dimethyldodecan-1-amine","112-18-5","CCCCCCCCCCCCN(C)C",213.24565,"DTXSID1026906",0,0,0.219938531517982
"S-Methoprene","65733-16-6","COC(C)(C)CCC[C@H](C)C\C=C\C(\C)=C\C(=O)OC(C)C",310.250795,"DTXSID1035783",0,0,0.236581057310104
"Spiromesifen","283594-90-1","CC1=CC(C)=C(C2=C(OC(=O)CC(C)(C)C)C3(CCCC3)OC2=O)C(C)=C1",370.214409,"DTXSID1034929",0,0,0.236850813031197
"2-Cyanoethyl prop-2-enoate","106-71-8","C=CC(=O)OCCC#N",125.047678,"DTXSID1044776",0,0,0.315035492181778
"2-Tert-Butyl-5-methylphenol","88-60-8","CC1=CC(O)=C(C=C1)C(C)(C)C",164.120115,"DTXSID2026529",0,0,0.364316701889038
"2-Methyl-3(2H)-isothiazolone","2682-20-4","CN1SC=CC1=O",115.009185,"DTXSID2034259",0,1,0.575789391994476
"Farnesyl acetate","29548-30-9","CC(C)=CCCC(C)=CCCC(C)=CCOC(C)=O",264.20893,"DTXSID2047222",0,0,0.305089235305786
"C.I. Disperse Blue 27","15791-78-3","OCCC1=CC=C(NC2=CC=C(O)C3=C2C(=O)C2=C(C=CC(O)=C2C3=O)[N+]([O-])=O)C=C1",420.095751,"DTXSID3025209",0,0,0.468052327632904
"1,2-Phenylenediamine","95-54-5","NC1=C(N)C=CC=C1",108.068748,"DTXSID3025881",0,0,0.2530138194561
"Quetiapine fumarate","111974-72-2","OC(=O)\C=C\C(O)=O.OCCOCCN1CCN(CC1)C1=NC2=CC=CC=C2SC2=C1C=CC=C2.OCCOCCN1CCN(CC1)C1=NC2=CC=CC=C2SC2=C1C=CC=C2",882.344455,"DTXSID3044201",0,0,0.471805542707443
"Hex-3-yne-2,5-diol","3031-66-1","CC(O)C#CC(C)O",114.06808,"DTXSID3044910",0,0,0.422866642475128
"Diprop-2-en-1-yl (2Z)-but-2-enedioate","999-21-3","C=CCOC(=O)\C=C/C(=O)OCC=C",196.073559,"DTXSID3044752",0,0,0.269088357686996
"Tetrahydrocurcumin","36062-04-1","COC1=CC(CCC(=O)CC(=O)CCC2=CC(OC)=C(O)C=C2)=CC=C1O",372.157288,"DTXSID30865801",0,0,0.446037709712982
"2-Tridecanone","593-08-8","CCCCCCCCCCCC(C)=O",198.198365,"DTXSID4022070",0,0,0.289344727993011
"Bisphenol B","77-40-7","CCC(C)(C1=CC=C(O)C=C1)C1=CC=C(O)C=C1",242.13068,"DTXSID4022442",0,0,0.474211931228638
"1-Octyl-2-pyrrolidone","2687-94-7","CCCCCCCCN1CCCC1=O",197.177964,"DTXSID4036435",0,0,0.433090329170227
"1,4-Butanediol diacrylate","1070-70-8","C=CC(=O)OCCCCOC(=O)C=C",198.089209,"DTXSID6044779",0,0,0.406347870826721
"Bisphenol A","80-05-7","CC(C)(C1=CC=C(O)C=C1)C1=CC=C(O)C=C1",228.11503,"DTXSID7020182",0,0,0.328541278839111
"4-Phenylphenol","92-69-3","OC1=CC=C(C=C1)C1=CC=CC=C1",170.073165,"DTXSID7021152",0,0,0.262289941310883
"Dipentaerythritol pentaacrylate","60506-81-2","OCC(COCC(COC(=O)C=C)(COC(=O)C=C)COC(=O)C=C)(COC(=O)C=C)COC(=O)C=C",524.189376,"DTXSID7041887",0,0,0.24597541987896
"N-(Cyclohexylthio)phthalimide","17796-82-6","O=C1N(SC2CCCCC2)C(=O)C2=C1C=CC=C2",261.08235,"DTXSID8027793",0,0,0.412162899971008
"1,1,2,2-(4,4',4'',4'''-Tetraglycidyloxyphenyl)ethane","7328-97-4","C(OC1=CC=C(C=C1)C(C(C1=CC=C(OCC2CO2)C=C1)C1=CC=C(OCC2CO2)C=C1)C1=CC=C(OCC2CO2)C=C1)C1CO1",622.256668,"DTXSID8029286",0,1,0.500292897224426
"Pentaerythritol tetraacrylate","4986-89-4","C=CC(=O)OCC(COC(=O)C=C)(COC(=O)C=C)COC(=O)C=C",352.115818,"DTXSID8042264",1,1,0.670917809009552
"1,6-Hexanediol diacrylate","13048-33-4","C=CC(=O)OCCCCCCOC(=O)C=C",226.120509,"DTXSID9025401",1,1,0.644337177276611
"1,1-Bis(3,4-dimethylphenyl)ethane","1742-14-9","CC(C1=CC=C(C)C(C)=C1)C1=CC=C(C)C(C)=C1",238.172151,"DTXSID9029223",1,1,0.48089811205864
"Binapacryl","485-31-4","CCC(C)C1=CC(=CC(=C1OC(=O)C=C(C)C)[N+]([O-])=O)[N+]([O-])=O",322.116486,"DTXSID9040269",1,1,0.691422164440155
