"Name","DTXSID","CASRN","SMILES","MONOISOTOPIC.MASS","Actual","Predicted","Probability"
"17beta-Estradiol","DTXSID0020573","50-28-2","[H][C@@]12CC[C@H](O)[C@@]1(C)CC[C@]1([H])C3=CC=C(O)C=C3CC[C@@]21[H]",272.17763,1,1,0.669421851634979
"Dimethipin","DTXSID0024052","55290-64-7","CC1=C(C)S(=O)(=O)CCS1(=O)=O",210.002051,1,1,0.68716162443161
"Medroxyprogesterone acetate","DTXSID0025527","71-58-9","[H][C@@]12CC[C@](OC(C)=O)(C(C)=O)[C@@]1(C)CC[C@@]1([H])[C@@]2([H])C[C@H](C)C2=CC(=O)CC[C@]12C",386.24571,1,1,0.709638595581055
"Prallethrin","DTXSID0032572","23031-36-9","CC(C)=CC1C(C(=O)OC2CC(=O)C(CC#C)=C2C)C1(C)C",300.172545,1,1,0.708392202854156
"17beta-Trenbolone","DTXSID0034192","10161-33-8","[H][C@@]12CC[C@H](O)[C@@]1(C)C=CC1=C3CCC(=O)C=C3CC[C@@]21[H]",270.16198,1,1,0.663839638233185
"Ethyl (2E,4Z)-deca-2,4-dienoate","DTXSID0041357","3025-30-7","CCCCC\C=C/C=C/C(=O)OCC",196.14633,1,0,0.412939012050629
"4,4'-Methylenebis(N,N-diglycidylaniline)","DTXSID0042248","28768-32-3","C(C1CO1)N(CC1CO1)C1=CC=C(CC2=CC=C(C=C2)N(CC2CO2)CC2CO2)C=C1",422.220557,1,1,0.560719430446625
"3-Methoxybutan-1-ol","DTXSID0044812","2517-43-3","COC(C)CCO",104.08373,1,1,0.587072193622589
"21-Hydroxyprogesterone","DTXSID0045254","64-85-7","[H][C@@]12CC[C@H](C(=O)CO)[C@@]1(C)CC[C@@]1([H])[C@@]2([H])CCC2=CC(=O)CC[C@]12C",330.219495,1,1,0.642045259475708
"(2E,6Z)-1,1-diethoxynona-2,6-diene","DTXSID0047034","67674-36-6","CCOC(OCC)\C=C\CC\C=C/CC",212.17763,1,1,0.596176981925964
"(-)-Ambroxide","DTXSID0047113","6790-58-5","C[C@@]12CC[C@H]3C(C)(C)CCC[C@]3(C)[C@H]1CCO2",236.214016,1,1,0.747915983200073
"Darbufelone mesylate","DTXSID0047246","139340-56-0","CS(O)(=O)=O.CC(C)(C)C1=CC(\C=C2/SC(=N)NC2=O)=CC(=C1O)C(C)(C)C",428.143964,1,1,0.585502326488495
"UK-416244","DTXSID0047290","402910-27-4","CSC1=CC=C(OC2=CC=C(C=C2CN(C)C)S(N)(=O)=O)C=C1C",366.107185,1,1,0.590977132320404
"Bisdemethoxycurcumin","DTXSID00872663","33171-05-0","OC1=CC=C(\C=C\C(=O)CC(=O)\C=C\C2=CC=C(O)C=C2)C=C1",308.104859,1,1,0.581557929515839
"4-(1,1-Dimethylethyl)phenol","DTXSID1020221","98-54-4","CC(C)(C)C1=CC=C(O)C=C1",150.104465,1,1,0.500750362873077
"Tetraethylthiuram disulfide","DTXSID1021322","97-77-8","CCN(CC)C(=S)SSC(=S)N(CC)CC",296.050933,1,1,0.724439442157745
"Benzyl salicylate","DTXSID1024598","118-58-1","OC1=C(C=CC=C1)C(=O)OCC1=CC=CC=C1",228.078644,1,1,0.617136120796204
"Octhilinone","DTXSID1025805","26530-20-1","CCCCCCCCN1SC=CC1=O",213.118735,1,0,0.418878555297852
"1,10-Phenanthroline","DTXSID1025857","66-71-7","C1=CC2=C(N=C1)C1=C(C=CC=N1)C=C2",180.068748,1,1,0.726806461811066
"Bexarotene","DTXSID1040619","153559-49-0","CC1=CC2=C(C=C1C(=C)C1=CC=C(C=C1)C(O)=O)C(C)(C)CCC2(C)C",348.20893,1,1,0.663914203643799
"1-Phenyl-2-nitropropene","DTXSID1041188","705-60-2","CC(=CC1=CC=CC=C1)[N+]([O-])=O",163.063329,1,1,0.620445966720581
"Dibutyl decanedioate","DTXSID1041847","109-43-3","CCCCOC(=O)CCCCCCCCC(=O)OCCCC",314.24571,1,1,0.611612439155579
"4-Ethyloct-1-yn-3-ol","DTXSID1044697","5877-42-9","CCCCC(CC)C(O)C#C",154.135765,1,1,0.607539355754852
"(2,4,6-Trioxo-1,3,5-triazinane-1,3,5-triyl)triethane-2,1-diyl trisprop-2-enoate","DTXSID1044936","40220-08-4","C=CC(=O)OCCN1C(=O)N(CCOC(=O)C=C)C(=O)N(CCOC(=O)C=C)C1=O",423.127779,1,1,0.735445857048035
"2-Hydroxy-3-phenoxypropyl prop-2-enoate","DTXSID1044851","16969-10-1","OC(COC(=O)C=C)COC1=CC=CC=C1",222.089209,1,1,0.591188669204712
"2-(2,6-Diisopropylphenyl)-5-hydroxy-1H-isoindole-1,3-dione","DTXSID1046970","105624-86-0","CC(C)C1=CC=CC(C(C)C)=C1N1C(=O)C2=C(C=C(O)C=C2)C1=O",323.152144,1,1,0.518953382968903
"trans,cis-2,6-Nonadienal","DTXSID1047104","557-48-2","CC\C=C/CC\C=C\C=O",138.104465,1,0,0.451036512851715
"CP-728663","DTXSID1047283","368832-42-2","CC[C@H]1CC[C@H](NCC2=CC3=C(C=C2OC)[C@H]2C[C@H]2C(=O)N3C)[C@@H](N1)C1=CC=CC=C1",419.257277,1,0,0.473021149635315
"SSR150106","DTXSID1047362","NOCAS_47362","CCOC(=O)[C@@]1(OC2=CC=CC=C2[C@@H]1N)C1=CC=CC=C1",283.120843,1,1,0.626766860485077
"Hexestrol","DTXSID2022381","84-16-2","CC[C@@H]([C@@H](CC)C1=CC=C(O)C=C1)C1=CC=C(O)C=C1",270.16198,1,1,0.714982450008392
"Limonene dimercaptan","DTXSID2025501","4802-20-4","CC(CS)C1CCC(C)C(S)C1",204.100643,1,1,0.678411424160004
"Pentaerythritol triacrylate","DTXSID2025842","3524-68-3","OCC(COC(=O)C=C)(COC(=O)C=C)COC(=O)C=C",298.105253,1,1,0.517386436462402
"Pyrazineethanethiol","DTXSID2025977","35250-53-4","SCCC1=CN=CC=N1",140.040819,1,1,0.731569826602936
"N-Phenyl-1-naphthylamine","DTXSID2025892","90-30-2","N(C1=CC=CC=C1)C1=C2C=CC=CC2=CC=C1",219.104799,1,1,0.58228611946106
"1,4-Diisopropylbenzene","DTXSID2026652","100-18-5","CC(C)C1=CC=C(C=C1)C(C)C",162.140851,1,1,0.681898891925812
"2-(8-Heptadecenyl)-2-imidazoline-1-ethanol","DTXSID2036112","95-38-5","CCCCCCCCC=CCCCCCCCC1=NCCN1CCO",350.329714,1,1,0.650478780269623
"4,4',4''-Ethane-1,1,1-triyltriphenol","DTXSID2037712","27955-94-8","CC(C1=CC=C(O)C=C1)(C1=CC=C(O)C=C1)C1=CC=C(O)C=C1",306.125594,1,1,0.628927767276764
"Bitertanol","DTXSID2037502","55179-31-2","CC(C)(C)C(O)C(OC1=CC=C(C=C1)C1=CC=CC=C1)N1C=NC=N1",337.179027,1,1,0.698492467403412
"Parbenate","DTXSID2044763","10287-53-3","CCOC(=O)C1=CC=C(C=C1)N(C)C",193.110279,1,1,0.615649998188019
"2,2',2''-[Methanetriyltris(benzene-4,1-diyloxymethanediyl)]trioxirane","DTXSID2044971","66072-38-6","C(OC1=CC=C(C=C1)C(C1=CC=C(OCC2CO2)C=C1)C1=CC=C(OCC2CO2)C=C1)C1CO1",460.188589,1,1,0.576515257358551
"CJ-013610","DTXSID2047272","249296-43-3","CS(O)(=O)=O.CC1=NC=CN1C1=CC=C(SC2=CC=CC(=C2)C2(CCOCC2)C(N)=O)C=C1",489.139213,1,1,0.637761294841766
"Androsterone","DTXSID3036525","53-41-8","[H][C@@]12CCC(=O)[C@@]1(C)CC[C@@]1([H])[C@@]2([H])CC[C@@]2([H])C[C@H](O)CC[C@]12C",290.22458,1,1,0.720963835716248
"2,5-Di-tert-butylcyclohexa-2,5-diene-1,4-dione","DTXSID3044889","2460-77-7","CC(C)(C)C1=CC(=O)C(=CC1=O)C(C)(C)C",220.14633,1,1,0.666495800018311
"Biphenyl","DTXSID4020161","92-52-4","C1=CC=C(C=C1)C1=CC=CC=C1",154.07825,1,1,0.64129626750946
"Lynestrenol","DTXSID4021478","52-76-6","[H][C@@]12CC[C@@](O)(C#C)[C@@]1(C)CC[C@]1([H])[C@@]3([H])CCCC=C3CC[C@@]21[H]",284.214016,1,1,0.616571128368378
"Methyl styryl ketone","DTXSID4025662","122-57-6","CC(=O)C=CC1=CC=CC=C1",146.073165,1,1,0.69014185667038
"Tris(2,3-epoxypropyl)isocyanurate","DTXSID4026262","2451-62-9","O=C1N(CC2CO2)C(=O)N(CC2CO2)C(=O)N1CC1CO1",297.096085,1,1,0.700089812278748
"Acetylcedrene","DTXSID4029353","32388-55-9","[H][C@]12C[C@@]3(CC(C(C)=O)=C1C)[C@H](C)CC[C@@]3([H])C2(C)C",246.198365,1,1,0.681342780590057
"4,4'-Methylenebis(2,6-diethylaniline)","DTXSID4048191","13680-35-8","CCC1=CC(CC2=CC(CC)=C(N)C(CC)=C2)=CC(CC)=C1N",310.240899,1,1,0.495925456285477
"Glycerol tributyrate","DTXSID4052267","60-01-5","CCCC(=O)OCC(COC(=O)CCC)OC(=O)CCC",302.172939,1,1,0.580325603485107
"BPS-MPE4","DTXSID4058655","63134-33-8","OC1=C(C=CC=C1)S(=O)(=O)C1=CC=C(OCC2=CC=CC=C2)C=C1",340.07693,1,1,0.701183080673218
"17alpha-Ethinylestradiol","DTXSID5020576","57-63-6","[H][C@@]12CC[C@@](O)(C#C)[C@@]1(C)CC[C@]1([H])C3=C(CC[C@@]21[H])C=C(O)C=C3",296.17763,1,1,0.61482846736908
"4-(Diethylamino)salicylaldehyde","DTXSID5022271","17754-90-4","CCN(CC)C1=CC=C(C=O)C(O)=C1",193.110279,1,1,0.511633694171906
"4,4'-(9H-Fluorene-9,9-diyl)diphenol","DTXSID5037731","3236-71-3","OC1=CC=C(C=C1)C1(C2=C(C=CC=C2)C2=C1C=CC=C2)C1=CC=C(O)C=C1",350.13068,1,1,0.598306238651276
"AM580","DTXSID5040758","102121-60-8","CC1(C)CCC(C)(C)C2=C1C=CC(=C2)C(=O)NC1=CC=C(C=C1)C(O)=O",351.183444,1,1,0.581789433956146
"2,5-Bis(2-methylbutan-2-yl)benzene-1,4-diol","DTXSID5044992","79-74-3","CCC(C)(C)C1=CC(O)=C(C=C1O)C(C)(C)CC",250.19328,1,0,0.432466775178909
"2-Ethylanthraquinone","DTXSID5044994","84-51-5","CCC1=CC2=C(C=C1)C(=O)C1=C(C=CC=C1)C2=O",236.08373,1,1,0.620543718338013
"4-Thiocresol","DTXSID5048188","106-45-6","CC1=CC=C(S)C=C1",124.034671,1,1,0.732523858547211
"4,4'-(1-Phenylethylidene)bisphenol","DTXSID5051444","1571-75-1","CC(C1=CC=CC=C1)(C1=CC=C(O)C=C1)C1=CC=C(O)C=C1",290.13068,1,1,0.657264947891235
"Retinol acetate","DTXSID6021240","127-47-9","CC(=O)OC\C=C(/C)\C=C\C=C(/C)\C=C\C1=C(C)CCCC1(C)C",328.24023,1,1,0.570307314395905
"Rotenone","DTXSID6021248","83-79-4","[H][C@@]12COC3=C(C=C(OC)C(OC)=C3)[C@]1([H])C(=O)C1=CC=C3O[C@H](CC3=C1O2)C(C)=C",394.141638,1,1,0.605455756187439
"Bisphenol A diglycidyl ether","DTXSID6024624","1675-54-3","CC(C)(C1=CC=C(OCC2CO2)C=C1)C1=CC=C(OCC2CO2)C=C1",340.167459,1,1,0.646564126014709
"Cycloheximide","DTXSID6024882","66-81-9","[H][C@]1(C[C@@H](C)C[C@H](C)C1=O)[C@H](O)CC1CC(=O)NC(=O)C1",281.162708,1,1,0.725993394851685
"2,6-Di-tert-butylphenol","DTXSID6027052","128-39-2","CC(C)(C)C1=CC=CC(=C1O)C(C)(C)C",206.167065,1,1,0.53932249546051
"2-(Thiocyanomethylthio)benzothiazole","DTXSID6032647","21564-17-0","N#CSCSC1=NC2=CC=CC=C2S1",237.969312,1,1,0.703984677791595
"Spironolactone","DTXSID6034186","52-01-7","[H][C@@]12CC[C@@]3(CCC(=O)O3)[C@@]1(C)CC[C@@]1([H])[C@@]2([H])[C@@H](CC2=CC(=O)CC[C@]12C)SC(C)=O",416.202131,1,1,0.650937795639038
"9,12-Tetradecadien-1-ol, 1-acetate, (9E,12Z)-","DTXSID6035285","31654-77-0","C\C=C/C\C=C\CCCCCCCCOC(C)=O",252.20893,1,1,0.744105100631714
"3-(4-tert-Butylphenyl)propanal","DTXSID6044808","18127-01-0","CC(C)(C)C1=CC=C(CCC=O)C=C1",190.135765,1,1,0.682685792446136
"Methyl linoleate","DTXSID7020843","112-63-0","CCCCC\C=C/C\C=C/CCCCCCCC(=O)OC",294.25588,1,1,0.596327304840088
"Retinoic acid","DTXSID7021239","302-79-4","C\C(\C=C\C1=C(C)CCCC1(C)C)=C/C=C/C(/C)=C/C(O)=O",300.20893,1,1,0.612854540348053
"Pendimethalin","DTXSID7024245","40487-42-1","CCC(CC)NC1=C(C=C(C)C(C)=C1[N+]([O-])=O)[N+]([O-])=O",281.137556,1,1,0.565323233604431
"Benzohydroxamic acid","DTXSID7025421","495-18-1","ONC(=O)C1=CC=CC=C1",137.047678,1,1,0.640706658363342
"Linolenic acid","DTXSID7025506","463-40-1","CC\C=C/C\C=C/C\C=C/CCCCCCCC(O)=O",278.22458,1,1,0.511021375656128
"Tripropylene glycol diacrylate","DTXSID7028015","42978-66-5","CC(COC(C)COC(=O)C=C)OCC(C)OC(=O)C=C",300.157288,1,1,0.521372497081757
"Isocyclemone E","DTXSID7031290","54464-57-2","CC1CC2=C(CC1(C)C(C)=O)C(C)(C)CCC2",234.198365,1,1,0.61334627866745
"1,1,3,3-Tetrabutylurea","DTXSID7043902","4559-86-8","CCCCN(CCCC)C(=O)N(CCCC)CCCC",284.282764,1,1,0.538735568523407
"Diethylstilbestrol dipropionate","DTXSID7047146","130-80-3","CCC(=O)OC1=CC=C(C=C1)C(\CC)=C(/CC)C1=CC=C(OC(=O)CC)C=C1",380.198759,0,0,0.291290462017059
"PharmaGSID_48166","DTXSID7048166","NOCAS_48166","COC1=CC(C=O)=CC2=C1[C@H](COC(N)=O)[C@]1(OC(C)=O)ON2C[C@H]2[C@@H]1N2C(C)=O",419.132865,0,0,0.265160202980042
"beta-Damascone","DTXSID7051890","23726-91-2","C\C=C\C(=O)C1=C(C)CCCC1(C)C",192.151415,0,0,0.275755643844604
"17alpha-Estradiol","DTXSID8022377","57-91-0","[H][C@@]12CC[C@@H](O)[C@@]1(C)CC[C@]1([H])C3=C(CC[C@@]21[H])C=C(O)C=C3",272.17763,0,0,0.349628239870071
"Ethyl 2,3-epoxy-3-phenylpropionate","DTXSID8025886","121-39-1","CCOC(=O)C1OC1C1=CC=CC=C1",192.078644,0,0,0.439007967710495
"4-(Diglycidylamino)phenyl glycidyl ether","DTXSID8027585","5026-74-4","C(OC1=CC=C(C=C1)N(CC1CO1)CC1CO1)C1CO1",277.131408,0,1,0.500835955142975
"4,4'-(4-Methylpentane-2,2-diyl)diphenol","DTXSID8029282","6807-17-6","CC(C)CC(C)(C1=CC=C(O)C=C1)C1=CC=C(O)C=C1",270.16198,0,0,0.220433741807938
"alpha-Amyl cinnamaldehyde","DTXSID8029157","122-40-7","CCCCCC(C=O)=CC1=CC=CC=C1",202.135765,0,0,0.293802469968796
"Curcumin","DTXSID8031077","458-37-7","COC1=CC(\C=C\C(=O)CC(=O)\C=C\C2=CC=C(O)C(OC)=C2)=CC=C1O",368.125988,0,0,0.314909070730209
"(3Z)-Hexenyl salicylate","DTXSID8037750","65405-77-8","CC\C=C/CCOC(=O)C1=C(O)C=CC=C1",220.109944,0,0,0.210197925567627
"Forskolin","DTXSID8040484","66575-29-9","[H][C@@]12[C@H](O)[C@H](OC(C)=O)[C@@]3(C)O[C@](C)(CC(=O)[C@]3(O)[C@@]1(C)[C@@H](O)CCC2(C)C)C=C",410.230453,0,0,0.246264964342117
"Orphenadrine dihydrogen citrate","DTXSID8044678","4682-36-4","OC(=O)CC(O)(CC(O)=O)C(O)=O.CN(C)CCOC(C1=CC=CC=C1)C1=C(C)C=CC=C1",461.204967,0,0,0.353002697229385
"2,4,4'-Trihydroxybenzophenone","DTXSID8044836","1470-79-7","OC1=CC=C(C=C1)C(=O)C1=CC=C(O)C=C1O",230.057909,0,0,0.295489609241486
"2,4,5-Trimethyl-3-oxazoline","DTXSID8047133","22694-96-8","CC1OC(C)C(C)=N1",113.084064,0,0,0.23515373468399
"3,3'-Dimethylbisphenol A","DTXSID8047890","79-97-0","CC1=CC(=CC=C1O)C(C)(C)C1=CC(C)=C(O)C=C1",256.14633,0,0,0.286279439926147
"1,3-Phenylenedi(4-aminophenyl ether)","DTXSID8051914","2479-46-1","NC1=CC=C(OC2=CC(OC3=CC=C(N)C=C3)=CC=C2)C=C1",292.121178,0,0,0.250068098306656
"5-Azacytidine","DTXSID9020116","320-67-2","NC1=NC(=O)N(C=N1)[C@@H]1O[C@H](CO)[C@@H](O)[C@H]1O",244.08077,0,0,0.358533412218094
"tert-Butyl perbenzoate","DTXSID9024699","614-45-9","CC(C)(C)OOC(=O)C1=CC=CC=C1",194.094294,0,0,0.463054090738297
"Isobornyl methacrylate","DTXSID9027653","7534-94-3","CC(=C)C(=O)O[C@H]1C[C@@H]2CC[C@@]1(C)C2(C)C",222.16198,0,0,0.22328408062458
"Bendiocarb","DTXSID9032327","22781-23-3","CNC(=O)OC1=CC=CC2=C1OC(C)(C)O2",223.084458,0,0,0.340002566576004
"Sulisobenzone","DTXSID2042436","4065-45-6","COC1=C(C=C(C(=O)C2=CC=CC=C2)C(O)=C1)S(O)(=O)=O",308.035459,0,0,0.332292020320892
"Salicylaldehyde","DTXSID1021792","90-02-8","OC1=CC=CC=C1C=O",122.036779,0,0,0.380289196968079
"Hexamethyleneimine","DTXSID1026879","111-49-9","C1CCCNCC1",99.104799,0,0,0.214538097381592
"2,2,6,6-Tetramethyl-4-piperidone 1-nitroxide","DTXSID4044905","2896-70-0","CC1(C)CC(=O)CC(C)(C)N1[O]",170.118104,0,0,0.260709077119827
"Oxalic acid","DTXSID0025816","144-62-7","OC(=O)C(O)=O",89.995309,0,0,0.375557601451874
"1,3-Dimethylol-5,5-dimethylhydantoin","DTXSID8035217","6440-58-0","CC1(C)N(CO)C(=O)N(CO)C1=O",188.079707,0,0,0.444939434528351
"2-Hydrazino-4-(4-nitrophenyl)thiazole","DTXSID3020706","26049-70-7","NNC1=NC(=CS1)C1=CC=C(C=C1)[N+]([O-])=O",236.036797,0,0,0.311729073524475
"Benzo[e]pyrene","DTXSID3023764","192-97-2","C1=CC2=C3C=CC=C4C=CC5=CC=CC(=C2C=C1)C5=C34",252.0939,0,0,0.24814073741436
"Oleic acid","DTXSID1025809","112-80-1","CCCCCCCC\C=C/CCCCCCCC(O)=O",282.25588,0,0,0.342258512973785
"Phenylacetic acid","DTXSID2021656","103-82-2","OC(=O)CC1=CC=CC=C1",136.052429,0,0,0.399394989013672
"S-Ethyl dipropylthiocarbamate","DTXSID1024091","759-94-4","CCCN(CCC)C(=O)SCC",189.118735,0,0,0.250844776630402
"1-Nitronaphthalene","DTXSID7020978","86-57-7","[O-][N+](=O)C1=C2C=CC=CC2=CC=C1",173.047678,0,0,0.247098222374916
"Ethanolamine","DTXSID6022000","141-43-5","NCCO",61.052764,0,0,0.232034936547279
"Diethyl oxalate","DTXSID2044472","95-92-1","CCOC(=O)C(=O)OCC",146.057909,0,0,0.224552631378174
"Heptanophenone","DTXSID9048194","1671-75-6","CCCCCCC(=O)C1=CC=CC=C1",190.135765,0,0,0.245319500565529
"Resorcinol","DTXSID2021238","108-46-3","OC1=CC(O)=CC=C1",110.036779,0,0,0.424799770116806
"2-Ethylpropane-1,3-diol","DTXSID7044897","2612-29-5","CCC(CO)CO",104.08373,0,0,0.445114493370056
"4-Ethylbenzaldehyde","DTXSID0047080","4748-78-1","CCC1=CC=C(C=O)C=C1",134.073165,0,0,0.472750097513199
"Acetaminophen","DTXSID2020006","103-90-2","CC(=O)NC1=CC=C(O)C=C1",151.063329,0,0,0.374614655971527
"Dodecyl sulfate triethanolamine salt","DTXSID4027076","139-96-8","OCCN(CCO)CCO.CCCCCCCCCCCCOS(O)(=O)=O",415.260374,0,0,0.314348727464676
"Retinol palmitate","DTXSID1021241","79-81-2","CCCCCCCCCCCCCCCC(=O)OC\C=C(/C)\C=C\C=C(/C)\C=C\C1=C(C)CCCC1(C)C",524.459331,0,0,0.267326951026917
"Hexanedinitrile","DTXSID3021936","111-69-3","N#CCCCCC#N",108.068748,0,0,0.224871397018433
"Dihexyl hexanedioate","DTXSID9026841","110-33-8","CCCCCCOC(=O)CCCCC(=O)OCCCCCC",314.24571,0,0,0.358220845460892
"5-Methyl-1H-benzotriazole","DTXSID1038743","136-85-6","CC1=CC2=C(NN=N2)C=C1",133.063997,0,0,0.215061783790588
"Guaifenesin","DTXSID5023114","93-14-1","COC1=CC=CC=C1OCC(O)CO",198.089209,0,1,0.59845632314682
"Glycolic acid","DTXSID0025363","79-14-1","OCC(O)=O",76.016044,0,0,0.2372777312994
"Methyl isothiocyanate","DTXSID2027204","556-61-6","CN=C=S",72.99862,0,0,0.412896811962128
"2-Amino-5-nitrobenzonitrile","DTXSID0038839","17420-30-3","NC1=C(C=C(C=C1)[N+]([O-])=O)C#N",163.038176,0,0,0.307177990674973
"Phenanthrene","DTXSID6024254","85-01-8","C1=CC2=C(C=C1)C1=C(C=CC=C1)C=C2",178.07825,0,0,0.282205432653427
"Propylene carbonate","DTXSID2026789","108-32-7","CC1COC(=O)O1",102.031694,0,0,0.470372170209885
"(3Z)-Hex-3-en-1-yl benzoate","DTXSID3047554","25152-85-6","CC\C=C/CCOC(=O)C1=CC=CC=C1",204.11503,0,0,0.277265518903732
"4-(Diethylamino)benzaldehyde","DTXSID0021963","120-21-8","CCN(CC)C1=CC=C(C=O)C=C1",177.115364,0,0,0.278250992298126
"Cyclohexanone oxime","DTXSID4021842","100-64-1","ON=C1CCCCC1",113.084064,0,0,0.302323251962662
"Saccharin","DTXSID5021251","81-07-2","O=C1NS(=O)(=O)C2=C1C=CC=C2",182.999014,0,0,0.299058884382248
"(-)-Isolongifolene","DTXSID1044518","1135-66-6","CC1(C)[C@H]2CC[C@]3(C2)C1=CCCC3(C)C",204.187801,0,0,0.368459224700928
"Isobutyl benzoate","DTXSID6047074","120-50-3","CC(C)COC(=O)C1=CC=CC=C1",178.09938,0,0,0.395843476057053
"5-Methyl-2-octanone","DTXSID4041444","58654-67-4","CCCC(C)CCC(C)=O",142.135765,0,0,0.327168941497803
"1,2,6-Hexanetriol","DTXSID0041224","106-69-4","OCCCCC(O)CO",134.094294,0,0,0.25078758597374
"Benzyl alcohol","DTXSID5020152","100-51-6","OCC1=CC=CC=C1",108.057515,0,0,0.270656317472458
"3,5-Dimethylpyridine","DTXSID5052254","591-22-0","CC1=CC(C)=CN=C1",107.073499,0,0,0.222868427634239
"FR 409","DTXSID2048167","138472-01-2","CC\C(=C/C(=N\O)/C(N)=O)C(C)[N+]([O-])=O",215.090606,0,0,0.214871644973755
"2-Ethyl-2-hexenal","DTXSID4025296","645-62-5","CCCC=C(CC)C=O",126.104465,0,0,0.28541561961174
"Amitraz","DTXSID5023871","33089-61-1","CN(C=NC1=C(C)C=C(C)C=C1)C=NC1=C(C)C=C(C)C=C1",293.189198,0,0,0.379566013813019
"Suxibuzone","DTXSID6021296","27470-51-5","CCCCC1(COC(=O)CCC(O)=O)C(=O)N(N(C1=O)C1=CC=CC=C1)C1=CC=CC=C1",438.179087,0,0,0.410592585802078
"Dibenzofuran","DTXSID2021993","132-64-9","O1C2=CC=CC=C2C2=C1C=CC=C2",168.057515,0,0,0.249201059341431
"4-Butyloxyaniline","DTXSID4048199","4344-55-2","CCCCOC1=CC=C(N)C=C1",165.115364,0,0,0.353827118873596
"5-Ethyl-2-methylpyridine","DTXSID7021861","104-90-5","CCC1=CN=C(C)C=C1",121.089149,0,0,0.310042768716812
"2-Benzyl-2-(dimethylamino)-1-[4-(morpholin-4-yl)phenyl]butan-1-one","DTXSID5044786","119313-12-1","CCC(CC1=CC=CC=C1)(N(C)C)C(=O)C1=CC=C(C=C1)N1CCOCC1",366.230728,0,0,0.235406100749969
"1,2-Dimethoxybenzene","DTXSID7047065","91-16-7","COC1=CC=CC=C1OC",138.06808,0,1,0.544109523296356
"3-Amino-1,2,4-triazole-5-thiol","DTXSID7044849","16691-43-3","NC1=NC(=S)NN1",116.015667,0,0,0.248112812638283
"3,3,5-Trimethylcyclohexanone","DTXSID5044996","873-94-9","CC1CC(=O)CC(C)(C)C1",140.120115,0,0,0.222548127174377
"Terpinolene","DTXSID0027222","586-62-9","CC(C)=C1CCC(C)=CC1",136.125201,0,0,0.255066961050034
"2,5-Furandione","DTXSID7024166","108-31-6","O=C1OC(=O)C=C1",98.000394,0,0,0.23375092446804
"Methyl 2-nonynoate","DTXSID3047639","111-80-8","CCCCCCC#CC(=O)OC",168.11503,0,0,0.397362411022186
"1-Hexadecanol","DTXSID4027991","36653-82-4","CCCCCCCCCCCCCCCCO",242.260966,0,0,0.331585198640823
"N-(2-Hydroxyethyl)acetamide","DTXSID6044804","142-26-7","CC(=O)NCCO",103.063329,0,0,0.423176944255829
"Methyl linolenate","DTXSID5041560","301-00-8","CC\C=C/C\C=C/C\C=C/CCCCCCCC(=O)OC",292.24023,0,0,0.384364247322083
"N,N'-Diethylthiourea","DTXSID8020466","105-55-5","CCNC(=S)NCC",132.07212,0,1,0.696676671504974
"1,3-Dimethylolurea","DTXSID6025141","140-95-4","OCNC(=O)NCO",120.053492,0,0,0.246765285730362
"N-(4-Methylpentan-2-yl)-N-phenylbenzene-1,4-diamine","DTXSID3044966","61931-82-6","CC(C)CC(C)N(C1=CC=CC=C1)C1=CC=C(N)C=C1",268.193949,0,0,0.330122441053391
"Hydratropaldehyde","DTXSID0052629","93-53-8","CC(C=O)C1=CC=CC=C1",134.073165,0,0,0.289201021194458
"Asulam","DTXSID8023890","3337-71-1","COC(=O)NS(=O)(=O)C1=CC=C(N)C=C1",230.036128,0,0,0.249338775873184
"Kresoxim-methyl","DTXSID2032558","143390-89-0","CO\N=C(\C(=O)OC)C1=C(COC2=C(C)C=CC=C2)C=CC=C1",313.131408,0,0,0.410816252231598
"2-Ethylhexyl glycidyl ether","DTXSID6025301","2461-15-6","CCCCC(CC)COCC1CO1",186.16198,0,0,0.443598031997681
"Di-tert-butyl peroxide","DTXSID2024955","110-05-4","CC(C)(C)OOC(C)(C)C",146.13068,0,0,0.419100999832153
"5-(5-Nitro-2-furyl)-1,3,4-oxadiazole-2-ol","DTXSID5020948","2122-86-3","OC1=NN=C(O1)C1=CC=C(O1)[N+]([O-])=O",197.00727,0,0,0.328036516904831
"3-Isopropylphenol","DTXSID0044571","618-45-1","CC(C)C1=CC=CC(O)=C1",136.088815,0,0,0.236232966184616
"Phenolsulfonic acid","DTXSID1027390","1333-39-7","O*.OS(=O)(=O)C1=CC=CC=C1 |c:7,9,t:5,lp:0:2,2:2,4:2,5:2,m:1:9.10.11|",173.99868,0,0,0.305039703845978
"CP-456773","DTXSID2047301","210826-40-7","CC(C)(O)C1=COC(=C1)S(=O)(=O)NC(=O)NC1=C2CCCC2=CC2=C1CCC2",404.140593,0,0,0.303043633699417
"2-tert-Butyl-4-ethylphenol","DTXSID4044581","96-70-8","CCC1=CC(=C(O)C=C1)C(C)(C)C",178.135765,0,0,0.253525018692017
"Cyclohexanol","DTXSID4021894","108-93-0","OC1CCCCC1",100.088815,0,0,0.298551678657532
"(3Z)-Hex-3-en-1-yl propanoate","DTXSID6047579","33467-74-2","CC\C=C/CCOC(=O)CC",156.11503,0,0,0.41867071390152
"3,5-Dimethyl-1-hexyn-3-ol","DTXSID6041472","107-54-0","CC(C)CC(C)(O)C#C",126.104465,0,0,0.401018738746643
"Hexanedihydrazide","DTXSID0044361","1071-93-8","NNC(=O)CCCCC(=O)NN",174.111676,0,0,0.305014938116074
"Butyrophenone","DTXSID3047059","495-40-9","CCCC(=O)C1=CC=CC=C1",148.088815,0,0,0.218668222427368
"2,4,7,9-Tetramethyl-5-decyne-4,7-diol","DTXSID7027041","126-86-3","CC(C)CC(C)(O)C#CC(C)(O)CC(C)C",226.19328,0,1,0.514997899532318
"2-Ethylhexyl acrylate","DTXSID9025297","103-11-7","CCCCC(CC)COC(=O)C=C",184.14633,0,0,0.355300039052963
"7-(Dimethylamino)-4-methylcoumarin","DTXSID6041422","87-01-4","CN(C)C1=CC2=C(C=C1)C(C)=CC(=O)O2",203.094629,0,0,0.389942705631256
"1-Butoxy-2-propanol","DTXSID8027589","5131-66-8","CCCCOCC(C)O",132.11503,0,0,0.313276261091232
"Glycidyl methacrylate","DTXSID0025361","106-91-2","CC(=C)C(=O)OCC1CO1",142.062994,0,0,0.226239085197449
"2,3-Dihydroxynaphthalene","DTXSID2043903","92-44-4","OC1=CC2=C(C=CC=C2)C=C1O",160.052429,0,0,0.276930421590805
"6-Methylquinoline","DTXSID3020887","91-62-3","CC1=CC2=CC=CN=C2C=C1",143.073499,0,0,0.447086751461029
"m-Xylene","DTXSID6026298","108-38-3","CC1=CC(C)=CC=C1",106.07825,0,0,0.458937674760818
"C.I. Solvent Red 49","DTXSID3041744","509-34-2","CCN(CC)C1=CC=C2C(OC3=CC(=CC=C3C22OC(=O)C3=CC=CC=C23)N(CC)CC)=C1",442.225643,0,0,0.331113666296005
"Toluene 2,4-diisocyanate","DTXSID7026156","584-84-9","CC1=CC=C(C=C1N=C=O)N=C=O",174.042927,0,0,0.270122319459915
"Hydrazinecarboxylic acid, phenylmethyl ester","DTXSID1047447","5331-43-1","NNC(=O)OCC1=CC=CC=C1",166.074228,0,0,0.27906122803688
"Benzyl benzoate","DTXSID8029153","120-51-4","O=C(OCC1=CC=CC=C1)C1=CC=CC=C1",212.08373,0,0,0.25489154458046
"Diallylamine","DTXSID1024918","124-02-7","C=CCNCC=C",97.089149,0,0,0.228263527154922
"2-Methyl-2,4-pentanediol","DTXSID5021885","107-41-5","CC(O)CC(C)(C)O",118.09938,0,1,0.501997828483582
"N-Nitrosodi-n-propylamine","DTXSID6021032","621-64-7","CCCN(CCC)N=O",130.110613,0,0,0.299150586128235
"4-Hexylresorcinol","DTXSID1020699","136-77-6","CCCCCCC1=C(O)C=C(O)C=C1",194.13068,0,0,0.326809614896774
"Ethyl 2,4-dimethyl-1,3-dioxolane-2-acetate","DTXSID4047549","6290-17-1","CCOC(=O)CC1(C)OCC(C)O1",188.104859,0,0,0.21575953066349
"4-Dodecylmorpholine","DTXSID4042171","1541-81-7","CCCCCCCCCCCCN1CCOCC1",255.256215,0,0,0.337380528450012
"Methenamid ESA","DTXSID9052846","NOCAS_52846","COCC(C)N(C(=O)CS(O)(=O)=O)C1=CSC=C1C",307.054815,0,0,0.477742284536362
"dl-Norgestrel","DTXSID3047477","6533-00-2","[H][C@@]12CC[C@@](O)(C#C)[C@@]1(CC)CC[C@]1([H])[C@@]3([H])CCC(=O)C=C3CC[C@@]21[H]",312.20893,0,0,0.391849517822266
"4-Methyl-2-pentanol","DTXSID2026781","108-11-2","CC(C)CC(C)O",102.104465,0,0,0.221826478838921
"2-tert-Butyl-4-methoxyphenol","DTXSID7040788","121-00-6","COC1=CC=C(O)C(=C1)C(C)(C)C",180.11503,0,0,0.396858513355255
"3-Phenylhexane","DTXSID4041492","4468-42-2","CCCC(CC)C1=CC=CC=C1",162.140851,0,0,0.239431038498878
"p-Cresol","DTXSID7021869","106-44-5","CC1=CC=C(O)C=C1",108.057515,0,0,0.25774085521698
"1,4-Dioxacycloheptadecane-5,17-dione","DTXSID1044774","105-95-3","O=C1CCCCCCCCCCCC(=O)OCCO1",270.183109,0,0,0.224067538976669
"Thymol","DTXSID6034972","89-83-8","CC(C)C1=CC=C(C)C=C1O",150.104465,0,0,0.439946055412292
"2-Methyl-4,6-bis[(octylthio)methyl]phenol","DTXSID6044199","110553-27-0","CCCCCCCCSCC1=CC(CSCCCCCCCC)=C(O)C(C)=C1",424.283358,0,0,0.315925598144531
"1,2-Dihydro-1-methyl-5H-tetrazole-5-thione","DTXSID9051662","13183-79-4","CN1NN=NC1=S",116.015667,0,0,0.374976485967636
"(S)-Citronellene","DTXSID6047236","10281-55-7","C[C@@H](CCC=C(C)C)C=C",138.140851,0,0,0.256959795951843
"Orthosulfamuron","DTXSID4034788","213464-77-8","COC1=CC(OC)=NC(NC(=O)NS(=O)(=O)NC2=C(C=CC=C2)C(=O)N(C)C)=N1",424.116504,0,0,0.298963814973831
"4-Dimethylaminobenzaldehyde","DTXSID5021835","100-10-7","CN(C)C1=CC=C(C=O)C=C1",149.084064,0,0,0.316486567258835
"1-(2-Aminoethyl)piperazine","DTXSID2021997","140-31-8","NCCN1CCNCC1",129.126597,0,0,0.361730217933655
"Benzoic acid","DTXSID6020143","65-85-0","OC(=O)C1=CC=CC=C1",122.036779,0,0,0.385041534900665
"Mepronil","DTXSID1037565","55814-41-0","CC(C)OC1=CC=CC(NC(=O)C2=C(C)C=CC=C2)=C1",269.141579,0,0,0.218091532588005
"myo-Inositol","DTXSID7023146","87-89-8","O[C@H]1[C@H](O)[C@@H](O)[C@H](O)[C@H](O)[C@@H]1O",180.063388,0,0,0.268202930688858
"Ethyl 1-naphthaleneacetate","DTXSID3034583","2122-70-5","CCOC(=O)CC1=CC=CC2=C1C=CC=C2",214.09938,0,0,0.368261486291885
"4-Tolyl acetate","DTXSID0046567","140-39-6","CC(=O)OC1=CC=C(C)C=C1",150.06808,0,0,0.278450548648834
"1-Methyl-2-nitro-3-((tetrahydrofuran-3-yl)methyl)guanidine","DTXSID7034549","165252-70-0","CNC(NCC1CCOC1)=N[N+]([O-])=O",202.10659,0,0,0.314181804656982
"Urea","DTXSID4021426","57-13-6","NC(N)=O",60.032363,0,0,0.305260360240936
"Neopentyl glycol dibenzoate","DTXSID1038822","4196-89-8","CC(C)(COC(=O)C1=CC=CC=C1)COC(=O)C1=CC=CC=C1",312.136159,0,1,0.683012187480927
"Phenmedipham","DTXSID1024255","13684-63-4","COC(=O)NC1=CC(OC(=O)NC2=CC=CC(C)=C2)=CC=C1",300.111007,0,0,0.241867408156395
"5-Nitroacenaphthene","DTXSID3020960","602-87-9","[O-][N+](=O)C1=CC=C2CCC3=CC=CC1=C23",199.063329,0,0,0.475854367017746
"Decyl beta-D-glucopyranoside","DTXSID2041208","58846-77-8","CCCCCCCCCCO[C@@H]1O[C@H](CO)[C@@H](O)[C@H](O)[C@H]1O",320.219889,0,0,0.209787935018539
"2-Methoxy-4-nitroaniline","DTXSID0038700","97-52-9","COC1=CC(=CC=C1N)[N+]([O-])=O",168.053492,0,0,0.444128096103668
"(2-Methylphenoxy)acetic acid","DTXSID9041441","1878-49-5","CC1=C(OCC(O)=O)C=CC=C1",166.062994,0,0,0.351438671350479
"5,5-Dimethylhydantoin","DTXSID5021754","77-71-4","CC1(C)NC(=O)NC1=O",128.058578,0,0,0.341652363538742
"Menadione","DTXSID4021715","58-27-5","CC1=CC(=O)C2=C(C=CC=C2)C1=O",172.052429,0,0,0.236936911940575
"Emodin","DTXSID5025231","518-82-1","CC1=CC(O)=C2C(=O)C3=C(O)C=C(O)C=C3C(=O)C2=C1",270.052823,0,0,0.380870193243027
"alpha-Cyclodextrin","DTXSID7030698","10016-20-3","OC[C@H]1O[C@@H]2O[C@@H]3[C@@H](CO)O[C@H](O[C@@H]4[C@@H](CO)O[C@H](O[C@@H]5[C@@H](CO)O[C@H](O[C@@H]6[C@@H](CO)O[C@H](O[C@@H]7[C@@H](CO)O[C@H](O[C@H]1[C@H](O)[C@H]2O)[C@H](O)[C@H]7O)[C@H](O)[C@H]6O)[C@H](O)[C@H]5O)[C@H](O)[C@H]4O)[C@H](O)[C@H]3O",972.316941,0,0,0.320620536804199
"(6Z)-Non-6-en-1-ol","DTXSID0047587","35854-86-5","CC\C=C/CCCCCO",142.135765,0,0,0.23552031815052
"Methyl benzoate","DTXSID5025572","93-58-3","COC(=O)C1=CC=CC=C1",136.052429,0,0,0.259597361087799
"Biurea","DTXSID6024628","110-21-4","NC(=O)NNC(N)=O",118.049075,0,0,0.392965018749237
"1,2-Ethanediol diacetate","DTXSID0026880","111-55-7","CC(=O)OCCOC(C)=O",146.057909,0,0,0.22380368411541
"1,2-Diphenylethanone","DTXSID6044430","451-40-1","O=C(CC1=CC=CC=C1)C1=CC=CC=C1",196.088815,0,0,0.430534839630127
"(+/-)-alpha-Methylbenzyl acetate","DTXSID6041636","93-92-5","CC(OC(C)=O)C1=CC=CC=C1",164.08373,0,0,0.257892221212387
"Anisyl propionate","DTXSID8047713","7549-33-9","CCC(=O)OCC1=CC=C(OC)C=C1",194.094294,0,0,0.264822036027908
"Dipropylene glycol","DTXSID0027856","25265-71-8","C*.C*.OCCOCCO |lp:4:2,7:2,10:2,m:1:5.6,3:8.9|",134.094294,0,0,0.245023995637894
"Divinylbenzene","DTXSID2025216","1321-74-0","*C=C.C=CC1=CC=CC=C1 |c:6,8,t:4,m:0:8.6|",130.07825,0,0,0.35641410946846
"Irganox 1010","DTXSID1027633","6683-19-8","CC(C)(C)C1=CC(CCC(=O)OCC(COC(=O)CCC2=CC(=C(O)C(=C2)C(C)(C)C)C(C)(C)C)(COC(=O)CCC2=CC(=C(O)C(=C2)C(C)(C)C)C(C)(C)C)COC(=O)CCC2=CC(=C(O)C(=C2)C(C)(C)C)C(C)(C)C)=CC(=C1O)C(C)(C)C",1176.784079,0,0,0.245546638965607
"4-Ethylphenol","DTXSID4021977","123-07-9","CCC1=CC=C(O)C=C1",122.073165,0,1,0.50324809551239
"6,10-Dimethyl-5,9-undecadiene-2-one","DTXSID1021586","689-67-8","CC(C)=CCCC(C)=CCCC(C)=O",194.167065,0,0,0.355177402496338
"6-Methyl-5-hepten-2-one","DTXSID5021629","110-93-0","CC(C)=CCCC(C)=O",126.104465,0,0,0.250610768795013
"1,1'-Bicyclohexyl","DTXSID8021802","92-51-3","C1CCC(CC1)C1CCCCC1",166.172151,0,0,0.298083275556564
"Nonane","DTXSID9025796","111-84-2","CCCCCCCCC",128.156501,0,0,0.334183782339096
"Decanal","DTXSID4021553","112-31-2","CCCCCCCCCC=O",156.151415,0,1,0.628750205039978
"Betaine","DTXSID8022666","107-43-7","C[N+](C)(C)CC([O-])=O",117.078979,0,0,0.284559488296509
"Bis(2-ethylhexyl) nonanedioate","DTXSID3026697","103-24-2","CCCCC(CC)COC(=O)CCCCCCCC(=O)OCC(CC)CCCC",412.35526,0,0,0.300182580947876
"3,7-Dimethyloctan-3-yl acetate","DTXSID5041487","20780-48-7","CCC(C)(CCCC(C)C)OC(C)=O",200.17763,0,1,0.691222727298737
"Busulfan","DTXSID3020910","55-98-1","CS(=O)(=O)OCCCCOS(C)(=O)=O",246.023181,0,0,0.222894698381424
"2,6-Dimethylpyridine","DTXSID7051557","108-48-5","CC1=CC=CC(C)=N1",107.073499,0,0,0.317113876342773
"2-Isopropoxyphenol","DTXSID5041431","4812-20-8","CC(C)OC1=C(O)C=CC=C1",152.08373,0,0,0.392422825098038
"Isopropyl formate","DTXSID2027258","625-55-8","CC(C)OC=O",88.052429,0,0,0.271741330623627
"Oxytetracycline dihydrate","DTXSID4023412","6153-64-6","O.O.[H][C@]12[C@H](O)C3[C@H](N(C)C)C(O)=C(C(N)=O)C(=O)[C@@]3(O)C(O)=C1C(=O)C1=C(C=CC=C1O)[C@@]2(C)O",496.16931,0,0,0.421016991138458
"5-(Hydroxymethyl)-2-furfural","DTXSID3030428","67-47-0","OCC1=CC=C(O1)C=O",126.031694,0,0,0.243511110544205
"Cyclocytidine","DTXSID6020357","31698-14-3","OC[C@H]1O[C@@H]2[C@@H](OC3=NC(=N)C=CN23)[C@@H]1O",225.074956,0,0,0.356341987848282
"7-Methoxy-3,7-dimethyloctanal","DTXSID7038818","3613-30-7","COC(C)(C)CCCC(C)CC=O",186.16198,0,0,0.465798795223236
"Choline hydroxide","DTXSID9047467","123-41-1","[OH-].C[N+](C)(C)CCO",121.110279,0,1,0.492610663175583
"Ergotamine D-tartrate","DTXSID3025253","379-79-3","O[C@H]([C@@H](O)C(O)=O)C(O)=O.CN1C[C@@H](C=C2[C@H]1CC1=CNC3=CC=CC2=C13)C(=O)N[C@]1(C)O[C@@]2(O)[C@@H]3CCCN3C(=O)[C@H](CC3=CC=CC=C3)N2C1=O.CN1C[C@@H](C=C2[C@H]1CC1=CNC3=CC=CC2=C13)C(=O)N[C@]1(C)O[C@@]2(O)[C@@H]3CCCN3C(=O)[C@H](CC3=CC=CC=C3)N2C1=O",1312.544076,0,0,0.215249121189117
"Cymoxanil","DTXSID6032358","57966-95-7","CCNC(=O)NC(=O)C(=NOC)C#N",198.07529,0,0,0.29039865732193
"5-Methyl-2-(1-methylethenyl)cyclohexanol","DTXSID3044461","7786-67-6","CC1CCC(C(O)C1)C(C)=C",154.135765,0,0,0.36659562587738
"1-Methylimidazole","DTXSID6052291","616-47-7","CN1C=CN=C1",82.053098,0,0,0.255892604589462
"Imazapyr","DTXSID8034665","81334-34-1","CC(C)C1(C)N=C(NC1=O)C1=NC=CC=C1C(O)=O",261.111341,0,0,0.266608655452728
"Methyl 3,7-dimethyloct-6-enoate","DTXSID0047408","2270-60-2","COC(=O)CC(C)CCC=C(C)C",184.14633,0,0,0.31594642996788
"2,3,5-Trimethylhydroquinone","DTXSID7052446","700-13-0","CC1=C(O)C(C)=C(C)C(O)=C1",152.08373,0,0,0.29656246304512
"Mestranol","DTXSID0020814","72-33-3","COC1=CC2=C(C=C1)[C@H]1CC[C@@]3(C)[C@@H](CC[C@@]3(O)C#C)[C@@H]1CC2",310.19328,0,0,0.323202401399612
"3,3'-Dimethylbenzidine","DTXSID5024059","119-93-7","CC1=CC(=CC=C1N)C1=CC=C(N)C(C)=C1",212.131349,0,0,0.27412286400795
"(1,1-Dimethylethyl)urea","DTXSID0044365","1118-12-3","CC(C)(C)NC(N)=O",116.094963,0,0,0.316668748855591
"1,3,4,6,7,8-Hexahydro-4,6,6,7,8,8-hexamethylcyclopenta[g]-2-benzopyran","DTXSID8027373","1222-05-5","CC1C(C)(C)C2=CC3=C(C=C2C1(C)C)C(C)COC3",258.198365,0,0,0.266844242811203
"3-(Dimethylamino)propylamine","DTXSID5025102","109-55-7","CN(C)CCCN",102.115698,0,0,0.399011760950089
"Glutaric acid","DTXSID2021654","110-94-1","OC(=O)CCCC(O)=O",132.042259,0,0,0.246876657009125
"N,N-Didodecyl-1-dodecanamine","DTXSID8047056","102-87-4","CCCCCCCCCCCCN(CCCCCCCCCCCC)CCCCCCCCCCCC",521.589951,0,0,0.21318107843399
"2-tert-Butylphenol","DTXSID2026525","88-18-6","CC(C)(C)C1=C(O)C=CC=C1",150.104465,0,0,0.259084850549698
"Pyrazinamide","DTXSID9021215","98-96-4","NC(=O)C1=NC=CN=C1",123.043262,0,1,0.557098388671875
"2-Ethylbutyric acid","DTXSID2041418","88-09-5","CCC(CC)C(O)=O",116.08373,0,0,0.37367057800293
"2-Hydroxy-1-[4-(2-hydroxyethoxy)phenyl]-2-methylpropan-1-one","DTXSID6044777","106797-53-9","CC(C)(O)C(=O)C1=CC=C(OCCO)C=C1",224.104859,0,0,0.263672083616257
"1,1-Dimethoxy-3,7-dimethylocta-2,6-diene","DTXSID8044832","7549-37-3","COC(OC)C=C(C)CCC=C(C)C",198.16198,0,0,0.23712183535099
"2-Tridecenenitrile","DTXSID5047667","22629-49-8","CCCCCCCCCCC=CC#N",193.18305,0,0,0.314224064350128
"N-(9-Fluorenylmethoxycarbonyl)-L-leucine","DTXSID0040751","35661-60-0","CC(C)C[C@H](NC(=O)OCC1C2=CC=CC=C2C2=C1C=CC=C2)C(O)=O",353.162708,0,0,0.237042024731636
"1,1-Dimethylphenylethanol","DTXSID1047601","100-86-7","CC(C)(O)CC1=CC=CC=C1",150.104465,0,0,0.285265356302261
"Methyl 4-methoxybenzoate","DTXSID7047645","121-98-2","COC(=O)C1=CC=C(OC)C=C1",166.062994,0,0,0.343827813863754
"2(1H)-Pyridinone","DTXSID2051716","142-08-5","O=C1NC=CC=C1",95.037114,0,1,0.522488951683044
"Argatroban monohydrate","DTXSID5057888","141396-28-3","O.C[C@@H]1CCN([C@H](C1)C(O)=O)C(=O)[C@H](CCCNC(N)=N)NS(=O)(=O)C1=CC=CC2=C1NC[C@H](C)C2",526.257354,0,0,0.350025743246078
"2-Phenylethanol","DTXSID9026342","60-12-8","OCCC1=CC=CC=C1",122.073165,0,0,0.468872547149658
"Aspirin","DTXSID5020108","50-78-2","CC(=O)OC1=C(C=CC=C1)C(O)=O",180.042259,0,0,0.322964608669281
"Butyl lactate","DTXSID7042196","138-22-7","CCCCOC(=O)C(C)O",146.094294,0,0,0.249929025769234
"Di(ethylene glycol) dimethacrylate","DTXSID8044882","2358-84-1","CC(=C)C(=O)OCCOCCOC(=O)C(C)=C",242.115424,0,0,0.290925562381744
"3-Methylbenzoic acid","DTXSID1021617","99-04-7","CC1=CC=CC(=C1)C(O)=O",136.052429,0,0,0.297575831413269
"(E)-2-Hexen-1-ol","DTXSID2047062","928-95-0","CCC\C=C\CO",100.088815,0,0,0.36362823843956
"Decane","DTXSID6024913","124-18-5","CCCCCCCCCC",142.172151,0,0,0.276506841182709
"9-Nitroanthracene","DTXSID5025730","602-60-8","[O-][N+](=O)C1=C2C=CC=CC2=CC2=CC=CC=C12",223.063329,0,0,0.205404341220856
"o-Cresol","DTXSID8021808","95-48-7","CC1=C(O)C=CC=C1",108.057515,0,0,0.342449009418488
"Oxazolone","DTXSID1049225","15646-46-5","CCOC=C1N=C(OC1=O)C1=CC=CC=C1",217.073893,0,0,0.35259884595871
"Methylene bis(thiocyanate)","DTXSID8025599","6317-18-6","N#CSCSC#N",129.96594,0,0,0.255063980817795
"Allyl methacrylate","DTXSID2021816","96-05-9","CC(=C)C(=O)OCC=C",126.06808,0,0,0.30924180150032
"Dodecane","DTXSID0026913","112-40-3","CCCCCCCCCCCC",170.203451,0,0,0.360073059797287
"2-(Ethyl(3-methylphenyl)amino)acetonitrile","DTXSID5028114","63133-74-4","CCN(CC#N)C1=CC(C)=CC=C1",174.115698,0,0,0.29757422208786
"Atenolol","DTXSID2022628","29122-68-7","CC(C)NCC(O)COC1=CC=C(CC(N)=O)C=C1",266.163043,0,0,0.263908356428146
"2,4-Bis(1-methyl-1-phenylethyl)phenol","DTXSID7029241","2772-45-4","CC(C)(C1=CC=CC=C1)C1=CC(=C(O)C=C1)C(C)(C)C1=CC=CC=C1",330.198365,0,0,0.213438004255295
"(R)-alpha-Phellandrene","DTXSID3047053","4221-98-1","CC(C)[C@H]1CC=C(C)C=C1",136.125201,0,0,0.299383223056793
"1,3-Diisopropylbenzene","DTXSID8026640","99-62-7","CC(C)C1=CC(=CC=C1)C(C)C",162.140851,0,0,0.417458921670914
"Bixin","DTXSID1024629","6983-79-5","COC(=O)\C=C\C(\C)=C/C=C/C(/C)=C/C=C/C=C(\C)/C=C/C=C(\C)/C=C/C(O)=O",394.214409,0,0,0.236995786428452
"4-Morpholinecarboxaldehyde","DTXSID7044427","4394-85-8","O=CN1CCOCC1",115.063329,0,0,0.267565608024597
"6-tert-Butyl-2,4-xylenol","DTXSID6041551","1879-09-0","CC1=CC(C)=C(O)C(=C1)C(C)(C)C",178.135765,0,0,0.33463853597641
"Difenzoquat metilsulfate","DTXSID6024048","43222-48-6","COS([O-])(=O)=O.CN1C(=CC(C2=CC=CC=C2)=[N+]1C)C1=CC=CC=C1",360.114378,0,0,0.265817761421204
"Dehydroabietylamine acetate","DTXSID1047102","2026-24-6","CC(O)=O.CC(C)C1=CC=C2C(CC[C@H]3[C@](C)(CN)CCC[C@]23C)=C1",345.266779,0,1,0.581209421157837
"10-Undecenoic acid","DTXSID8035001","112-38-9","OC(=O)CCCCCCCCC=C",184.14633,0,0,0.218883693218231
"Linalyl benzoate","DTXSID2047191","126-64-7","CC(C)=CCCC(C)(OC(=O)C1=CC=CC=C1)C=C",258.16198,0,0,0.336952447891235
"5-Methyl-2-furancarboxylic acid","DTXSID5021627","1917-15-3","CC1=CC=C(O1)C(O)=O",126.031694,0,0,0.21699820458889
"Cumene hydroperoxide","DTXSID3024869","80-15-9","CC(C)(OO)C1=CC=CC=C1",152.08373,0,0,0.391762226819992
"4,4'-Oxydianiline","DTXSID0021094","101-80-4","NC1=CC=C(OC2=CC=C(N)C=C2)C=C1",200.094963,0,1,0.669082820415497
"Diethyl dithiobis(thionoformate)","DTXSID2041672","502-55-6","CCOC(=S)SSC(=S)OCC",241.956364,0,0,0.382890254259109
"Daidzein","DTXSID9022310","486-66-8","[H]C1=CC(O)=CC2=C1C(=O)C(=CO2)C1=CC=C(O)C=C1",254.057909,0,0,0.236995786428452
"2-Ethyl-1-hexanol","DTXSID5020605","104-76-7","CCCCC(CC)CO",130.135765,0,1,0.555420517921448
"Hexyl salicylate","DTXSID4038924","6259-76-3","CCCCCCOC(=O)C1=C(O)C=CC=C1",222.125594,0,0,0.220623537898064
"Tetrahydrofurfuryl alcohol","DTXSID1029128","97-99-4","OCC1CCCO1",102.06808,0,0,0.205169230699539
"3-Phenoxybenzaldehyde","DTXSID3028005","39515-51-0","O=CC1=CC(OC2=CC=CC=C2)=CC=C1",198.06808,0,0,0.364677488803864
"Benzonitrile","DTXSID7021491","100-47-0","N#CC1=CC=CC=C1",103.042199,0,0,0.213182479143143
"N,N-Dimethylpyridin-4-amine","DTXSID0044369","1122-58-3","CN(C)C1=CC=NC=C1",122.084398,0,0,0.216425523161888
"Naphthalene","DTXSID8020913","91-20-3","C1=CC2=CC=CC=C2C=C1",128.0626,0,0,0.288000017404556
"Ethyl 4-methylbenzoate","DTXSID5048211","94-08-6","CCOC(=O)C1=CC=C(C)C=C1",164.08373,0,0,0.28543746471405
"4-(2-Hydroxyethyl)morpholine","DTXSID2022090","622-40-2","OCCN1CCOCC1",131.094629,0,0,0.342034071683884
"2,3-Diaminotoluene","DTXSID4027494","2687-25-4","CC1=C(N)C(N)=CC=C1",122.084398,0,0,0.354673087596893
"Triethyl citrate","DTXSID0040701","77-93-0","CCOC(=O)CC(O)(CC(=O)OCC)C(=O)OCC",276.120903,0,0,0.441150456666946
"2-Hydroxyacetophenone","DTXSID7040285","118-93-4","CC(=O)C1=CC=CC=C1O",136.052429,0,0,0.365996330976486
"Propan-2-yl benzoate","DTXSID9044746","939-48-0","CC(C)OC(=O)C1=CC=CC=C1",164.08373,0,0,0.437381595373154
"Quinolinic acid","DTXSID8041327","89-00-9","OC(=O)C1=C(N=CC=C1)C(O)=O",167.021858,0,0,0.286907434463501
"3-[3,5-DI(tert-butyl)-4-hydroxyphenyl]propanohydrazide","DTXSID1027978","32687-77-7","CC(C)(C)C1=CC(CCC(=O)NN)=CC(=C1O)C(C)(C)C",292.215078,0,0,0.314941912889481
"2,6,10-Trimethyl-2,6,10-triazaundecane","DTXSID1044564","3855-32-1","CN(C)CCCN(C)CCCN(C)C",201.220498,0,0,0.338935554027557
"Triallylamine","DTXSID5026174","102-70-5","C=CCN(CC=C)CC=C",137.120449,0,0,0.385369718074799
"Tetrahydrothiophene","DTXSID3047760","110-01-0","C1CCSC1",88.034671,0,0,0.27112203836441
"Diethylene glycol monobutyl ether acetate","DTXSID9027021","124-17-4","CCCCOCCOCCOC(C)=O",204.136159,0,0,0.375104993581772
"Propanedinitrile","DTXSID6021907","109-77-3","N#CCC#N",66.021798,0,0,0.458047807216644
"1,7-Dimethylxanthine","DTXSID2052281","611-59-6","CN1C=NC2=C1C(=O)N(C)C(=O)N2",180.064726,0,0,0.320081055164337
"Enadoline","DTXSID4047258","124378-77-4","CN([C@H]1CC[C@@]2(CCCO2)C[C@@H]1N1CCCC1)C(=O)CC1=CC=CC2=C1C=CO2",396.241293,0,0,0.406136900186539
"Thiophanate","DTXSID3034531","23564-06-9","CCOC(=O)NC(=S)NC1=C(NC(=S)NC(=O)OCC)C=CC=C1",370.076947,0,0,0.411669671535492
"Acrylamide","DTXSID5020027","79-06-1","NC(=O)C=C",71.037114,0,0,0.223198413848877
"Glycoluril","DTXSID6031380","496-46-8","O=C1NC2NC(=O)NC2N1",142.049075,0,0,0.243500992655754
"2-Methylpropanenitrile","DTXSID5026461","78-82-0","CC(C)C#N",69.057849,0,1,0.554113745689392
"Hexyl benzoate","DTXSID9025403","6789-88-4","CCCCCCOC(=O)C1=CC=CC=C1",206.13068,0,0,0.417252272367477
"Butyl 2-methylbutyrate","DTXSID4047046","15706-73-7","CCCCOC(=O)C(C)CC",158.13068,0,0,0.237878084182739
"2,5-Dimethylphenol","DTXSID6025145","95-87-4","CC1=CC(O)=C(C)C=C1",122.073165,0,0,0.393165588378906
"1-[(1-Butoxy-2-propanyl)oxy]-2-propanol","DTXSID8027959","29911-28-2","CCCCOCC(C)OCC(C)O",190.156895,0,0,0.27429723739624
"Fenoxycarb","DTXSID7032393","72490-01-8","CCOC(=O)NCCOC1=CC=C(OC2=CC=CC=C2)C=C1",301.131408,0,0,0.280286133289337
"4'-Acetylbiphenyl","DTXSID6052619","92-91-1","CC(=O)C1=CC=C(C=C1)C1=CC=CC=C1",196.088815,0,0,0.297868400812149
"o-Toluenesulfonamide","DTXSID7021362","88-19-7","CC1=C(C=CC=C1)S(N)(=O)=O",171.0354,0,0,0.2752805352211
"1-Methyltrimethylene dimethacrylate","DTXSID5044784","1189-08-8","CC(CCOC(=O)C(C)=C)OC(=O)C(C)=C",226.120509,0,0,0.300529003143311
"Actarit","DTXSID0020020","18699-02-0","CC(=O)NC1=CC=C(CC(O)=O)C=C1",193.073893,0,1,0.502553284168243
"3-Methylaniline","DTXSID1026792","108-44-1","CC1=CC(N)=CC=C1",107.073499,0,0,0.23574985563755
"Nicosulfuron","DTXSID6034764","111991-09-4","COC1=CC(OC)=NC(NC(=O)NS(=O)(=O)C2=NC=CC=C2C(=O)N(C)C)=N1",410.100853,0,1,0.513198733329773
"1,3,5-Triisopropylbenzene","DTXSID4041232","717-74-8","CC(C)C1=CC(=CC(=C1)C(C)C)C(C)C",204.187801,0,0,0.233659967780113
"Propylene glycol diacetate","DTXSID9044827","623-84-7","CC(COC(C)=O)OC(C)=O",160.073559,0,0,0.267337709665298
"Citronellyl butyrate","DTXSID5047405","141-16-2","CCCC(=O)OCCC(C)CCC=C(C)C",226.19328,0,0,0.241645008325577
"3-Methylstyrene","DTXSID9051454","100-80-1","CC1=CC(C=C)=CC=C1",118.07825,0,0,0.317741721868515
"p-Cymene","DTXSID3026645","99-87-6","CC(C)C1=CC=C(C)C=C1",134.10955,0,1,0.492283076047897
"Butanoic acid","DTXSID8021515","107-92-6","CCCC(O)=O",88.052429,0,0,0.476000964641571
"1,2-Diphenylhydrazine","DTXSID7020710","122-66-7","N(NC1=CC=CC=C1)C1=CC=CC=C1",184.100048,0,0,0.308468043804169
"3,4,4'-Triaminodiphenyl ether","DTXSID1021372","6264-66-0","NC1=CC=C(OC2=CC=C(N)C(N)=C2)C=C1",215.105862,0,0,0.215455234050751
"1,2,4-Trimethoxybenzene","DTXSID5035163","135-77-3","COC1=CC=C(OC)C(OC)=C1",168.078644,0,0,0.254061907529831
"Isobutyl methacrylate","DTXSID3025461","97-86-9","CC(C)COC(=O)C(C)=C",142.09938,0,0,0.27767550945282
"Benzyl (2E)-2-methylbut-2-enoate","DTXSID3047130","37526-88-8","C\C=C(/C)C(=O)OCC1=CC=CC=C1",190.09938,0,0,0.298516869544983
"2,3,5-Trimethylphenol","DTXSID3047184","697-82-5","CC1=CC(O)=C(C)C(C)=C1",136.088815,0,0,0.240692183375359
"2-Methoxybenzaldehyde","DTXSID1051690","135-02-4","COC1=C(C=O)C=CC=C1",136.052429,0,0,0.236414104700089
"2-[2-(2-Ethoxyethoxy)ethoxy]ethanol","DTXSID3024368","112-50-5","CCOCCOCCOCCO",178.120509,0,0,0.268817692995071
"1,4-Benzenediamine","DTXSID9021138","106-50-3","NC1=CC=C(N)C=C1",108.068748,0,1,0.607448041439056
"Caprolactam","DTXSID4020240","105-60-2","O=C1CCCCCN1",113.084064,0,0,0.2893947660923
"Flavone","DTXSID2022048","525-82-6","O=C1C=C(OC2=CC=CC=C12)C1=CC=CC=C1",222.06808,0,0,0.475461542606354
"L-Glucitol","DTXSID4042096","6706-59-8","OC[C@H](O)[C@H](O)[C@@H](O)[C@H](O)CO",182.079038,0,1,0.553815364837646
"Acetochlor ESA","DTXSID6037483","187022-11-3","CCOCN(C(=O)CS(O)(=O)=O)C1=C(CC)C=CC=C1C",315.114044,0,0,0.331113666296005
"Ethyl anthranilate","DTXSID6025272","87-25-2","CCOC(=O)C1=C(N)C=CC=C1",165.078979,0,0,0.321428716182709
"Panthenol","DTXSID3044598","16485-10-2","CC(C)(CO)C(O)C(=O)NCCCO",205.131408,0,0,0.219158470630646
"3-Mercapto-1-propanol","DTXSID3051836","19721-22-3","OCCCS",92.029586,0,0,0.276052385568619
"PD 0343701","DTXSID7047271","676116-04-4","CS(O)(=O)=O.CC1=CC(CCN2CCN(CC2)C2=NSC3=CC=CC=C23)=CC2=C1NC(=O)CC2(C)C",530.202148,0,0,0.295149266719818
"Decyl prop-2-enoate","DTXSID9044873","2156-96-9","CCCCCCCCCCOC(=O)C=C",212.17763,0,0,0.364158183336258
"Ethyl levulinate","DTXSID8047058","539-88-8","CCOC(=O)CCC(C)=O",144.078644,0,0,0.31811061501503
"Nomifensine","DTXSID0023377","24526-64-5","CN1CC(C2=CC=CC=C2)C2=CC=CC(N)=C2C1",238.146999,0,1,0.639896333217621
"2-Hydroxy-2-methylpropanenitrile","DTXSID7025427","75-86-5","CC(C)(O)C#N",85.052764,0,0,0.311776638031006
"N-(2-Methylphenyl)-3-oxobutanamide","DTXSID3026562","93-68-5","CC(=O)CC(=O)NC1=C(C)C=CC=C1",191.094629,0,0,0.407839506864548
"Cyclohexylphenylketone","DTXSID5048182","712-50-5","O=C(C1CCCCC1)C1=CC=CC=C1",188.120115,0,0,0.277241319417953
"4,5-Dihydroxy-1,3-dimethylimidazolidin-2-one","DTXSID1044934","3923-79-3","CN1C(O)C(O)N(C)C1=O",146.069142,0,0,0.216310635209084
"3-Hydroxypropanenitrile","DTXSID1025433","109-78-4","OCCC#N",71.037114,0,0,0.205884471535683
"Dodecyl 2-methylacrylate","DTXSID4027103","142-90-5","CCCCCCCCCCCCOC(=O)C(C)=C",254.22458,0,1,0.517977774143219
"4,4-Bis(4-hydroxyphenyl)valeric acid","DTXSID0022436","126-00-1","CC(CCC(O)=O)(C1=CC=C(O)C=C1)C1=CC=C(O)C=C1",286.120509,0,0,0.328116536140442
"4,4'-Dithiodimorpholine","DTXSID8026698","103-34-4","C1CN(CCO1)SSN1CCOCC1",236.06532,0,0,0.230759978294373
"D-Glucitol","DTXSID5023588","50-70-4","OC[C@H](O)[C@@H](O)[C@H](O)[C@H](O)CO",182.079038,0,0,0.470096975564957
"Kadethrin","DTXSID5042083","58769-20-3","CC1(C)[C@H](\C=C2/CCSC2=O)[C@@H]1C(=O)OCC1=COC(CC2=CC=CC=C2)=C1",396.13953,0,1,0.712357699871063
"Cyclohexylamine","DTXSID1023996","108-91-8","NC1CCCCC1",99.104799,0,0,0.321786284446716
"Tetrahydrofuran","DTXSID1021328","109-99-9","C1CCOC1",72.057515,0,0,0.253557622432709
"(+)-alpha-Pinene","DTXSID7041671","7785-70-8","CC1=CC[C@@H]2C[C@H]1C2(C)C",136.125201,0,0,0.317645221948624
"2-(2-Butyl)-4,5-dimethyl-3-thiazoline","DTXSID1047156","65894-82-8","CCC(C)C1SC(C)C(C)=N1",171.108171,0,0,0.418302237987518
"Ethyl hexanoate","DTXSID3021980","123-66-0","CCCCCC(=O)OCC",144.11503,0,0,0.463607162237167
"Acetamide","DTXSID7020005","60-35-5","CC(N)=O",59.037114,0,1,0.481129705905914
"Phthalide","DTXSID0052594","87-41-2","O=C1OCC2=CC=CC=C12",134.036779,0,0,0.21451923251152
"Ethyl 3-hydroxybutyrate","DTXSID6025305","5405-41-4","CCOC(=O)CC(C)O",132.078644,0,0,0.220370694994926
"1,2,4,5-Tetramethylbenzene","DTXSID1029124","95-93-2","CC1=CC(C)=C(C)C=C1C",134.10955,0,0,0.211406111717224
"2-Phenoxyethyl propanoate","DTXSID9047203","23495-12-7","CCC(=O)OCCOC1=CC=CC=C1",194.094294,0,0,0.235663071274757
"4-Anilinophenol","DTXSID5037739","122-37-2","OC1=CC=C(NC2=CC=CC=C2)C=C1",185.084064,0,0,0.28745248913765
"Longifolene","DTXSID9047045","475-20-7","C[C@]12CCCC(C)(C)[C@H]3[C@H](CC[C@@H]13)C2=C",204.187801,0,0,0.389109581708908
"1,4-Dioxacyclohexadecane-5,16-dione","DTXSID1044568","54982-83-1","O=C1CCCCCCCCCCC(=O)OCCO1",256.167459,0,0,0.41452556848526
"C.I. Solvent Red 80","DTXSID6024838","6358-53-8","COC1=CC=C(OC)C(=C1)N=NC1=C(O)C=CC2=C1C=CC=C2",308.116092,0,0,0.332940965890884
"1H-Indene","DTXSID8042052","95-13-6","C1C=CC2=CC=CC=C12",116.0626,0,0,0.208292752504349
"Imazaquin","DTXSID3024152","81335-37-7","CC(C)C1(C)N=C(NC1=O)C1=NC2=C(C=CC=C2)C=C1C(O)=O",311.126991,0,1,0.599242031574249
"Melatonin","DTXSID1022421","73-31-4","COC1=CC2=C(NC=C2CCNC(C)=O)C=C1",232.121178,0,0,0.227111607789993
"Digoxin","DTXSID5022934","20830-75-5","C[C@H]1O[C@H](C[C@H](O)[C@@H]1O)O[C@H]1[C@@H](O)C[C@H](O[C@H]2[C@@H](O)C[C@H](O[C@H]3CC[C@@]4(C)[C@H](CC[C@@H]5[C@@H]4C[C@@H](O)[C@]4(C)[C@H](CC[C@]54O)C4=CC(=O)OC4)C3)O[C@@H]2C)O[C@@H]1C",780.429607,0,1,0.518277108669281
"Dipropyl disulfide","DTXSID2022096","629-19-6","CCCSSCCC",150.053693,0,0,0.219078063964844
"Dimethyl 3,3'-thiodipropionate","DTXSID0027561","4131-74-2","COC(=O)CCSCCC(=O)OC",206.06128,0,1,0.611146748065948
"2,2,4-Trimethyl-1,3-pentanediol diisobutyrate","DTXSID1027635","6846-50-0","CC(C)C(OC(=O)C(C)C)C(C)(C)COC(=O)C(C)C",286.214409,0,1,0.490020841360092
"Nitrofurantoin","DTXSID7020972","67-20-9","[O-][N+](=O)C1=CC=C(O1)C=NN1CC(=O)NC1=O",238.033819,0,0,0.434609651565552
"1,3-Cyclohexanedimethanamine","DTXSID4041238","2579-20-6","NCC1CCCC(CN)C1",142.146999,0,0,0.33238810300827
"Citric acid, triethyl ester, acetate","DTXSID5044576","77-89-4","CCOC(=O)CC(CC(=O)OCC)(OC(C)=O)C(=O)OCC",318.131468,0,0,0.303235501050949
"Sucrose","DTXSID2021288","57-50-1","OC[C@H]1O[C@@](CO)(O[C@H]2O[C@H](CO)[C@@H](O)[C@H](O)[C@H]2O)[C@@H](O)[C@@H]1O",342.116212,0,0,0.446907609701157
"4-Cyclohexyl-4-methyl-pentan-2-one","DTXSID8047682","4927-39-3","CC(=O)CC(C)(C)C1CCCCC1",182.167065,0,1,0.601308405399323
"3,3'-Iminobispropanenitrile","DTXSID2041464","111-94-4","N#CCCNCCC#N",123.079647,0,0,0.352636724710464
"2-Methyl-4-phenylbutan-2-ol","DTXSID3021851","103-05-9","CC(C)(O)CCC1=CC=CC=C1",164.120115,0,0,0.266595810651779
"4-tert-Butylbenzenethiol","DTXSID9048196","2396-68-1","CC(C)(C)C1=CC=C(S)C=C1",166.081622,0,0,0.355216503143311
"Acrylonitrile","DTXSID5020029","107-13-1","C=CC#N",53.026549,0,0,0.323710173368454
"Ethyl 2-methylpentanoate","DTXSID7047198","39255-32-8","CCCC(C)C(=O)OCC",144.11503,0,0,0.407860219478607
"Diethylenetriamine","DTXSID2025050","111-40-0","NCCNCCN",103.110947,0,0,0.361177951097488
"Digitoxin","DTXSID0022933","71-63-6","[H][C@@]1(C[C@H](O)[C@H](O[C@@]2([H])C[C@H](O)[C@H](O[C@@]3([H])C[C@H](O)[C@H](O)[C@@H](C)O3)[C@@H](C)O2)[C@@H](C)O1)O[C@H]1CC[C@@]2(C)[C@]([H])(CC[C@]3([H])[C@]2([H])CC[C@]2(C)[C@H](CC[C@]32O)C2=CC(=O)OC2)C1",764.434692,0,0,0.388541251420975
"N-Methyl-4-nitro-N-nitrosobenzenamine","DTXSID4021002","943-41-9","CN(N=O)C1=CC=C(C=C1)[N+]([O-])=O",181.048741,0,0,0.246490821242332
"gamma-Decanolactone","DTXSID4022109","706-14-9","CCCCCCC1CCC(=O)O1",170.13068,0,0,0.42861807346344
"SB202235","DTXSID1047318","139149-55-6","NC(=O)N(O)[C@@H]1COC2=C1C=CC(OCC1=CC=CC=C1)=C2",300.111007,0,0,0.352045893669128
"Quinoline","DTXSID1021798","91-22-5","C1=CC2=C(C=C1)N=CC=C2",129.057849,0,0,0.215666562318802
"trans-2,cis-6-Nonadien-1-ol","DTXSID7047192","28069-72-9","CC\C=C/CC\C=C\CO",140.120115,0,0,0.300273984670639
"2-Methyl-3-buten-2-ol","DTXSID3047471","115-18-4","CC(C)(O)C=C",86.073165,0,0,0.232581034302711
"4,4'-(1H-1,2,4-Triazol-1-ylmethylene)dibenzonitrile","DTXSID4023202","112809-51-5","N#CC1=CC=C(C=C1)C(N1C=NC=N1)C1=CC=C(C=C1)C#N",285.101445,0,0,0.255236029624939
"2-Butoxyethyl acetate","DTXSID1026904","112-07-2","CCCCOCCOC(C)=O",160.109944,0,0,0.222689107060432
"Diisopropyl phthalate","DTXSID2040731","605-45-8","CC(C)OC(=O)C1=CC=CC=C1C(=O)OC(C)C",250.120509,0,0,0.24535496532917
"Hydroxyurea","DTXSID6025438","127-07-1","NC(=O)NO",76.027277,0,0,0.443109333515167
"p-Methylacetophenone","DTXSID9044374","122-00-9","CC(=O)C1=CC=C(C)C=C1",134.073165,0,0,0.344282656908035
"Nisoldipine","DTXSID0023371","63675-72-9","COC(=O)C1=C(C)NC(C)=C(C1C1=CC=CC=C1[N+]([O-])=O)C(=O)OCC(C)C",388.163437,0,0,0.289590895175934
"Butyl benzoate","DTXSID8040694","136-60-7","CCCCOC(=O)C1=CC=CC=C1",178.09938,0,0,0.233267515897751
"Nitrilotriacetic acid","DTXSID6020939","139-13-9","OC(=O)CN(CC(O)=O)CC(O)=O",191.042987,0,0,0.448442101478577
"Veratraldehyde","DTXSID7026285","120-14-9","COC1=CC=C(C=O)C=C1OC",166.062994,0,0,0.326550126075745
"Ximelagatran","DTXSID5049075","192939-46-1","CCOC(=O)CN[C@H](C1CCCCC1)C(=O)N1CC[C@H]1C(=O)NCC1=CC=C(C=C1)C(\N)=N\O",473.263819,0,0,0.26227480173111
"Butyl acrylate","DTXSID6024676","141-32-2","CCCCOC(=O)C=C",128.08373,0,1,0.491684854030609
"Ethyl methylphenylglycidate","DTXSID8020591","77-83-8","CCOC(=O)C1OC1(C)C1=CC=CC=C1",206.094294,0,1,0.572945773601532
"2,4-Diaminobenzenesulfonic acid","DTXSID3044465","88-63-1","NC1=CC=C(C(N)=C1)S(O)(=O)=O",188.025563,0,0,0.257921993732452
"Formamide","DTXSID8025337","75-12-7","NC=O",45.021464,0,0,0.245395734906197
"2-Ethylaniline","DTXSID0042242","578-54-1","CCC1=C(N)C=CC=C1",121.089149,0,0,0.255098253488541
"(3,5-Dimethyl-1H-pyrazol-1-yl)methanol","DTXSID1032513","85264-33-1","CC1=NN(CO)C(C)=C1",126.079313,0,0,0.226794824004173
"Methyl 4-methylbenzoate","DTXSID4025668","99-75-2","COC(=O)C1=CC=C(C)C=C1",150.06808,0,0,0.429802030324936
"2-(Pyridin-4-yl)ethanol","DTXSID4044953","5344-27-4","OCCC1=CC=NC=C1",123.068414,0,0,0.280219674110413
"Butylbenzene","DTXSID6022472","104-51-8","CCCCC1=CC=CC=C1",134.10955,0,0,0.289489030838013
"Trimethylenediaminetetraacetic acid","DTXSID9029225","1939-36-2","OC(=O)CN(CCCN(CC(O)=O)CC(O)=O)CC(O)=O",306.106316,0,1,0.49589791893959
"Paraldehyde","DTXSID9023419","123-63-7","CC1OC(C)OC(C)O1",132.078644,0,0,0.396427899599075
"4-(2,6,6-Trimethyl-cyclohex-1-enyl)-but-3-en-2-one","DTXSID9025451","14901-07-6","CC(=O)C=CC1=C(C)CCCC1(C)C",192.151415,0,0,0.224658295512199
"Coumarin","DTXSID7020348","91-64-5","O=C1OC2=C(C=CC=C2)C=C1",146.036779,0,0,0.433270931243896
"Cytarabine","DTXSID3022877","147-94-4","NC1=NC(=O)N(C=C1)[C@@H]1O[C@H](CO)[C@@H](O)[C@@H]1O",243.085521,0,0,0.332615405321121
"D&C Violet 2","DTXSID1026293","81-48-1","CC1=CC=C(NC2=C3C(=O)C4=C(C=CC=C4)C(=O)C3=C(O)C=C2)C=C1",329.105193,0,1,0.568632364273071
"Isobornyl acrylate","DTXSID5052250","5888-33-5","CC1(C)[C@H]2CC[C@]1(C)[C@H](C2)OC(=O)C=C",208.14633,0,0,0.235593020915985
"N,N-Dimethylacetamide","DTXSID5020499","127-19-5","CN(C)C(C)=O",87.068414,0,1,0.525253593921661
"gamma-Cyclodextrin","DTXSID5047033","17465-86-0","OC[C@H]1O[C@@H]2O[C@@H]3[C@@H](CO)O[C@H](O[C@@H]4[C@@H](CO)O[C@H](O[C@@H]5[C@@H](CO)O[C@H](O[C@@H]6[C@@H](CO)O[C@H](O[C@@H]7[C@@H](CO)O[C@H](O[C@@H]8[C@@H](CO)O[C@H](O[C@@H]9[C@@H](CO)O[C@H](O[C@H]1[C@H](O)[C@H]2O)[C@H](O)[C@H]9O)[C@H](O)[C@H]8O)[C@H](O)[C@H]7O)[C@H](O)[C@H]6O)[C@H](O)[C@H]5O)[C@H](O)[C@H]4O)[C@H](O)[C@H]3O",1296.422587,0,0,0.391092747449875
"Benzo(f)quinoline","DTXSID2024585","85-02-9","C1=CC=C2C(C=CC3=C2C=CC=N3)=C1",179.073499,0,0,0.21981044113636
"Cupferron","DTXSID1020352","135-20-6","[NH4+].[O-]N(N=O)C1=CC=CC=C1",155.069477,0,0,0.280086934566498
"Hexyl propanoate","DTXSID5047582","2445-76-3","CCCCCCOC(=O)CC",158.13068,0,0,0.343463033437729
"GW473178E methyl benzene sulphonic acid","DTXSID6047313","263553-33-9","CC1=CC=C(C=C1)S(O)(=O)=O.CCN(C(C)C)C(=O)C1=CC(OC[C@H](C)NC2=CC=NC=C2)=CC(C)=C1",527.245392,0,0,0.254718482494354
"4-Vinylpyridine","DTXSID0051499","100-43-6","C=CC1=CC=NC=C1",105.057849,0,0,0.361959517002106
"Ethyl dodecanoate","DTXSID4047044","106-33-2","CCCCCCCCCCCC(=O)OCC",228.20893,0,0,0.347169518470764
"Triisopropanolamine","DTXSID5021415","122-20-3","CC(O)CN(CC(C)O)CC(C)O",191.152144,0,0,0.354919254779816
"5,5-Diphenylhydantoin","DTXSID8020541","57-41-0","O=C1NC(=O)C(N1)(C1=CC=CC=C1)C1=CC=CC=C1",252.089878,0,0,0.276010453701019
"Sulfacetamide","DTXSID8026060","144-80-9","CC(=O)NS(=O)(=O)C1=CC=C(N)C=C1",214.041213,0,0,0.471425890922546
"Equilin","DTXSID7047433","474-86-2","C[C@]12CC[C@H]3C(=CCC4=C3C=CC(O)=C4)[C@@H]1CCC2=O",268.14633,0,0,0.442011803388596
"Oxytetracycline","DTXSID1034260","79-57-2","[H][C@@]12[C@@H](O)[C@@]3([H])C(C(=O)C4=C(C=CC=C4O)[C@@]3(C)O)=C(O)[C@]1(O)C(=O)C(C(N)=O)=C(O)[C@H]2N(C)C",460.14818,0,0,0.401709705591202
"2-Isopropyl-6-methyl-4-pyrimidone","DTXSID1027502","2814-20-2","CC(C)C1=NC(=O)C=C(C)N1",152.094963,0,0,0.225282207131386
"Ethametsulfuron-methyl","DTXSID9034573","97780-06-8","CCOC1=NC(NC)=NC(NC(=O)NS(=O)(=O)C2=C(C=CC=C2)C(=O)OC)=N1",410.100853,0,0,0.234213411808014
"Glycerol 1-allylether","DTXSID4044375","123-34-2","OCC(O)COCC=C",132.078644,0,0,0.40192773938179
"N-Butyldiethanolamine","DTXSID1044354","102-79-4","CCCCN(CCO)CCO",161.141579,0,0,0.230801597237587
"Isopentyl alcohol","DTXSID3025469","123-51-3","CC(C)CCO",88.088815,0,0,0.248106330633163
"1,1'-[Ethane-1,2-diylbis(oxy)]bis(3-methylbenzene)","DTXSID6044690","54914-85-1","CC1=CC(OCCOC2=CC=CC(C)=C2)=CC=C1",242.13068,0,0,0.296467870473862
"o-Xylene","DTXSID3021807","95-47-6","CC1=C(C)C=CC=C1",106.07825,0,0,0.331698834896088
"Lauryl gallate","DTXSID0048189","1166-52-5","CCCCCCCCCCCCOC(=O)C1=CC(O)=C(O)C(O)=C1",338.209324,0,0,0.204409420490265
"1H-1,2,4-Triazole","DTXSID6027131","288-88-0","N1C=NC=N1",69.032697,0,0,0.275185644626617
"2,2'-Methylenebis(4-methyl-6-tert-butylphenol)","DTXSID4020870","119-47-1","CC1=CC(CC2=CC(C)=CC(=C2O)C(C)(C)C)=C(O)C(=C1)C(C)(C)C",340.24023,0,1,0.63400673866272
"4,4'-Bipyridine","DTXSID2027200","553-26-4","C1=CC(=CC=N1)C1=CC=NC=C1",156.068748,0,1,0.610707879066467
"Vernolate","DTXSID7024376","1929-77-7","CCCSC(=O)N(CCC)CCC",203.134385,0,0,0.411785185337067
"4-Hydroxyandrostenedione","DTXSID3034113","566-48-3","[H][C@@]12CCC(=O)[C@@]1(C)CC[C@@]1([H])[C@@]2([H])CCC2=C(O)C(=O)CC[C@]12C",302.188195,0,0,0.24926669895649
"2-Furylmethanethiol","DTXSID7052654","98-02-2","SCC1=CC=CO1",114.013936,0,1,0.515101432800293
"Acetoacetanilide","DTXSID0024397","102-01-2","CC(=O)CC(=O)NC1=CC=CC=C1",177.078979,0,0,0.429196029901505
"Imazamox","DTXSID3034664","114311-32-9","COCC1=CN=C(C2=NC(C)(C(C)C)C(=O)N2)C(=C1)C(O)=O",305.137556,0,0,0.332607746124268
"Dibenzylamine","DTXSID6044355","103-49-1","C(NCC1=CC=CC=C1)C1=CC=CC=C1",197.120449,0,1,0.52840518951416
"gamma-Butyrolactone","DTXSID6020224","96-48-0","O=C1CCCO1",86.036779,0,0,0.390659272670746
"2,6-Diisopropylnaphthalene","DTXSID7035272","24157-81-1","CC(C)C1=CC2=C(C=C1)C=C(C=C2)C(C)C",212.156501,0,0,0.256685197353363
"Triethylene glycol dimethacrylate","DTXSID3029607","109-16-0","CC(=C)C(=O)OCCOCCOCCOC(=O)C(C)=C",286.141638,0,0,0.204082325100899
"1-Octanol","DTXSID7021940","111-87-5","CCCCCCCCO",130.135765,0,0,0.263761878013611
"n-Amyl butyrate","DTXSID4041604","540-18-1","CCCCCOC(=O)CCC",158.13068,0,1,0.547953307628632
"3-Methylbut-3-en-1-ol","DTXSID4052506","763-32-6","CC(=C)CCO",86.073165,0,0,0.245931401848793
"trans-Hex-3-en-1-ol","DTXSID1022138","928-97-2","CC\C=C\CCO",100.088815,0,0,0.471827179193497
"Ethylcyclohexane","DTXSID1051779","1678-91-7","CCC1CCCCC1",112.125201,0,0,0.396313577890396
"4-Ethoxy-2-nitroaniline","DTXSID8022084","616-86-4","CCOC1=CC(=C(N)C=C1)[N+]([O-])=O",182.069142,0,0,0.321645647287369
"4-Heptylphenol","DTXSID2037714","1987-50-4","CCCCCCCC1=CC=C(O)C=C1",192.151415,0,0,0.241439670324326
"4-Methylbenzophenone","DTXSID9037741","134-84-9","CC1=CC=C(C=C1)C(=O)C1=CC=CC=C1",196.088815,0,0,0.292575418949127
"1,2-Diphenoxyethane","DTXSID5026706","104-66-5","C(COC1=CC=CC=C1)OC1=CC=CC=C1",214.09938,0,0,0.275028318166733
"1H,3H-Benzo(1,2-c:4,5-c')difuran-1,3,5,7-tetrone","DTXSID1026536","89-32-7","O=C1OC(=O)C2=CC3=C(C=C12)C(=O)OC3=O",217.985138,0,1,0.599795401096344
"alpha,alpha-Dimethylphenethyl butyrate","DTXSID5038830","10094-34-5","CCCC(=O)OC(C)(C)CC1=CC=CC=C1",220.14633,0,0,0.217204540967941
"Ethylene glycol","DTXSID8020597","107-21-1","OCCO",62.036779,0,0,0.244573503732681
"Phenethyl cinnamate","DTXSID1047605","103-53-7","O=C(OCCC1=CC=CC=C1)C=CC1=CC=CC=C1",252.11503,0,0,0.474624037742615
"Ethyl o-anisate","DTXSID9047126","7335-26-4","CCOC(=O)C1=C(OC)C=CC=C1",180.078644,0,0,0.239774808287621
"1,3-Dihydro-2H-inden-2-one","DTXSID7052288","615-13-4","O=C1CC2=CC=CC=C2C1",132.057515,0,0,0.305092811584473
"2-Phenylphenol","DTXSID2021151","90-43-7","OC1=C(C=CC=C1)C1=CC=CC=C1",170.073165,0,0,0.248942658305168
"Diethylene glycol monomethyl ether","DTXSID3025049","111-77-3","COCCOCCO",120.078644,0,0,0.329350292682648
"Benzyl cinnamate","DTXSID3041663","103-41-3","O=C(OCC1=CC=CC=C1)C=CC1=CC=CC=C1",238.09938,0,0,0.425455629825592
"rel-(1S,5S)-3,3,5-Trimethylcyclohexanol","DTXSID1047570","933-48-2","C[C@@H]1C[C@H](O)CC(C)(C)C1",142.135765,0,0,0.240216061472893
"2-Methylpropyl but-2-enoate","DTXSID7047691","589-66-2","CC=CC(=O)OCC(C)C",142.09938,0,0,0.221135571599007
"Di-p-methylbenzylidenesorbitol","DTXSID3051381","81541-12-0","[H][C@]12COC(O[C@@]1([H])[C@]([H])(OC(O2)C1=CC=C(C)C=C1)[C@H](O)CO)C1=CC=C(C)C=C1",386.172939,0,0,0.428182184696198
"4,4'-Propane-2,2-diyldicyclohexanol","DTXSID0044993","80-04-6","CC(C)(C1CCC(O)CC1)C1CCC(O)CC1",240.20893,0,0,0.445297747850418
"2,2'-Methylenebis(ethyl-6-tert-butylphenol)","DTXSID7038864","88-24-4","CCC1=CC(CC2=C(O)C(=CC(CC)=C2)C(C)(C)C)=C(O)C(=C1)C(C)(C)C",368.27153,0,0,0.451677203178406
"4-Methoxy-2-methyl-N-phenylaniline","DTXSID3029364","41317-15-1","COC1=CC=C(NC2=CC=CC=C2)C(C)=C1",213.115364,0,1,0.633127331733704
"4-Butylphenol","DTXSID3047425","1638-22-8","CCCCC1=CC=C(O)C=C1",150.104465,0,0,0.329423636198044
"Methomyl","DTXSID1022267","16752-77-5","CNC(=O)ON=C(C)SC",162.046299,0,0,0.405753344297409
"d-Carvone","DTXSID8020256","2244-16-8","CC(=C)[C@H]1CC=C(C)C(=O)C1",150.104465,0,0,0.352092355489731
"4'-tert-Butyl-2',6'-dimethylacetophenone","DTXSID9047120","2040-10-0","CC(=O)C1=C(C)C=C(C=C1C)C(C)(C)C",204.151415,0,0,0.310532808303833
"Hexyl acrylate","DTXSID5022194","2499-95-8","CCCCCCOC(=O)C=C",156.11503,0,0,0.3153315782547
"Linalyl cinnamate","DTXSID4047410","78-37-5","CC(C)=CCCC(C)(OC(=O)C=CC1=CC=CC=C1)C=C",284.17763,0,1,0.516409277915955
"(L)-(-)-Ethyl lactate","DTXSID9042336","687-47-8","CCOC(=O)[C@H](C)O",118.062994,0,0,0.22955895960331
"2-Ethyl-1,3-hexanediol","DTXSID4025292","94-96-2","CCCC(O)C(CC)CO",146.13068,0,0,0.213453322649002
"2-methyl-6-methylideneoct-7-en-2-yl acetate","DTXSID4047416","1118-39-4","CC(=O)OC(C)(C)CCCC(=C)C=C",196.14633,0,0,0.234643042087555
"2-Methylpyrazine","DTXSID4047620","109-08-0","CC1=NC=CN=C1",94.053098,0,0,0.335962444543839
"1-tert-Butyl-3,4,5-trimethyl-2,6-dinitrobenzene","DTXSID9044582","145-39-1","CC1=C(C)C(=C(C(=C1C)[N+]([O-])=O)C(C)(C)C)[N+]([O-])=O",266.126657,0,0,0.206938043236732
"Bifenazate","DTXSID5032525","149877-41-8","COC1=C(NNC(=O)OC(C)C)C=C(C=C1)C1=CC=CC=C1",300.147393,0,0,0.471556484699249
"Methyl 3-sulfamoylthiophene-2-carboxylate","DTXSID0044490","59337-93-8","COC(=O)C1=C(C=CS1)S(N)(=O)=O",220.98165,0,0,0.235542610287666
"3-Carene","DTXSID4047462","13466-78-9","CC1=CCC2C(C1)C2(C)C",136.125201,0,0,0.25758358836174
"Pentetic acid","DTXSID2023434","67-43-6","OC(=O)CN(CCN(CC(O)=O)CC(O)=O)CCN(CC(O)=O)CC(O)=O",393.138344,0,0,0.381663024425507
"Hexadecanoic acid","DTXSID2021602","57-10-3","CCCCCCCCCCCCCCCC(O)=O",256.24023,0,0,0.261059582233429
"Citronellic acid","DTXSID1047106","502-47-6","CC(CCC=C(C)C)CC(O)=O",170.13068,0,0,0.267246723175049
"Acetone thiosemicarbazide","DTXSID6044480","1752-30-3","CC(C)=NNC(N)=S",131.051718,0,0,0.231856316328049
"N,N'-Di-2-naphthyl-p-phenylenediamine","DTXSID3020918","93-46-9","N(C1=CC=C(NC2=CC=C3C=CC=CC3=C2)C=C1)C1=CC=C2C=CC=CC2=C1",360.162649,0,1,0.530551493167877
"2-Methyl-2-nitro-1-propanol","DTXSID8026436","76-39-1","CC(C)(CO)[N+]([O-])=O",119.058243,0,1,0.601144433021545
"2-Ethyl-6-methylaniline","DTXSID7027833","24549-06-2","CCC1=CC=CC(C)=C1N",135.104799,0,0,0.390613436698914
"Butyl vinyl ether","DTXSID5051575","111-34-2","CCCCOC=C",100.088815,0,0,0.214304029941559
"Riboflavin","DTXSID8021777","83-88-5","CC1=CC2=C(C=C1C)N(C[C@H](O)[C@H](O)[C@H](O)CO)C1=NC(=O)NC(=O)C1=N2",376.138284,0,0,0.382643759250641
"2,3-Hexanedione","DTXSID2047066","3848-24-6","CCCC(=O)C(C)=O",114.06808,0,0,0.421552628278732
"1-Dodecanethiol","DTXSID6025220","112-55-0","CCCCCCCCCCCCS",202.175522,0,0,0.454614996910095
"Methyl 3-methylorsellinate","DTXSID9041653","4707-47-5","COC(=O)C1=C(O)C(C)=C(O)C=C1C",196.073559,0,0,0.311691552400589
"2,4-Dinitroanisole","DTXSID9041366","119-27-7","COC1=CC=C(C=C1[N+]([O-])=O)[N+]([O-])=O",198.027671,0,0,0.441803693771362
"Imidodicarbonic diamide","DTXSID2026783","108-19-0","NC(=O)NC(N)=O",103.038176,0,1,0.488433569669724
"N-Phenyl-1,4-benzenediamine","DTXSID7025895","101-54-2","NC1=CC=C(NC2=CC=CC=C2)C=C1",184.100048,0,0,0.258047819137573
"(-)-alpha-Cedrene","DTXSID0047032","469-61-4","[H][C@@]12CC[C@@H](C)[C@]11C[C@@H](C(C)=CC1)C2(C)C",204.187801,0,1,0.537015974521637
"4-Toluenesulfonamide","DTXSID8029105","70-55-3","CC1=CC=C(C=C1)S(N)(=O)=O",171.0354,0,0,0.296103537082672
"Ampicillin","DTXSID4022602","69-53-4","[H][C@]12SC(C)(C)[C@@H](N1C(=O)[C@H]2NC(=O)[C@H](N)C1=CC=CC=C1)C(O)=O",349.109627,0,0,0.211117908358574
"2,6-Dinitrotoluene","DTXSID5020528","606-20-2","CC1=C(C=CC=C1[N+]([O-])=O)[N+]([O-])=O",182.032757,0,0,0.210395857691765
"Benzo(b)fluoranthene","DTXSID0023907","205-99-2","C1=CC=C2C(=C1)C1=CC=CC3=C4C=CC=CC4=CC2=C13",252.0939,0,0,0.283034473657608
"Levomenol","DTXSID4042094","23089-26-1","CC(C)=CCC[C@](C)(O)[C@H]1CCC(C)=CC1",222.198365,0,0,0.292192935943604
"4-Hydroxytamoxifen","DTXSID3037094","68392-35-8","CCC(=C(C1=CC=C(O)C=C1)C1=CC=C(OCCN(C)C)C=C1)C1=CC=CC=C1",387.219829,0,0,0.310842275619507
"N,N,N',N'-Tetramethyltrimethylenediamine","DTXSID9047469","110-95-2","CN(C)CCCN(C)C",130.146999,0,1,0.557435035705566
"n-Undecyl cyanide","DTXSID1022188","2437-25-4","CCCCCCCCCCCC#N",181.18305,0,0,0.234593823552132
"1,3-Benzenedimethanamine","DTXSID9029649","1477-55-0","NCC1=CC(CN)=CC=C1",136.100048,0,0,0.275718331336975
"2-Hydroxyacetanilide","DTXSID8022082","614-80-2","CC(=O)NC1=C(O)C=CC=C1",151.063329,0,0,0.21722312271595
"Nitromethane","DTXSID2020977","75-52-5","C[N+]([O-])=O",61.016378,0,0,0.228206500411034
"1-Ethoxy-2-propanol","DTXSID1041267","1569-02-4","CCOCC(C)O",104.08373,0,1,0.517884016036987
"n-Dodecylbenzene","DTXSID7026994","123-01-3","CCCCCCCCCCCCC1=CC=CC=C1",246.234751,0,0,0.379157900810242
"4-Propylphenol","DTXSID9022100","645-56-7","CCCC1=CC=C(O)C=C1",136.088815,0,0,0.238036707043648
"4-(Hydroxymethyl)-4-methyl-1-phenylpyrazolidin-3-one","DTXSID9044794","13047-13-7","CC1(CO)CN(NC1=O)C1=CC=CC=C1",206.105528,0,0,0.43010288476944
"2-Methyl-4-propyl-1,3-oxathiane","DTXSID9047706","67715-80-4","CCCC1CCOC(C)S1",160.092186,0,0,0.229508563876152
"2-(4-Tert-Butylbenzyl)propionaldehyde","DTXSID9026500","80-54-6","CC(CC1=CC=C(C=C1)C(C)(C)C)C=O",204.151415,0,0,0.252866148948669
"2-Methylpentanal","DTXSID9021978","123-15-9","CCCC(C)C=O",100.088815,0,0,0.399758070707321
"Isobornyl acetate","DTXSID7042061","125-12-2","CC(=O)O[C@H]1C[C@@H]2CC[C@@]1(C)C2(C)C",196.14633,0,0,0.227530762553215
"2-Ethylhexyl acetate","DTXSID8026694","103-09-3","CCCCC(CC)COC(C)=O",172.14633,0,0,0.416556656360626
"Benz(a)anthracene","DTXSID5023902","56-55-3","C1=CC2=C(C=C1)C=C1C(C=CC3=C1C=CC=C3)=C2",228.0939,1,1,0.502600848674774
"2-[2-(2-Butoxyethoxy)ethoxy]ethanol","DTXSID7021520","143-22-6","CCCCOCCOCCOCCO",206.151809,1,1,0.504386484622955
"Bisphenol A glycidyl methacrylate","DTXSID7044841","1565-94-2","CC(=C)C(=O)OCC(O)COC1=CC=C(C=C1)C(C)(C)C1=CC=C(OCC(O)COC(=O)C(C)=C)C=C1",512.241018,1,1,0.521659791469574
"2,3-Dihydro-1H-indene","DTXSID4052132","496-11-7","C1CC2=CC=CC=C2C1",118.07825,1,1,0.495484262704849
"3'-Amino-4'-methoxyacetanilide","DTXSID2027620","6375-47-9","COC1=C(N)C=C(NC(C)=O)C=C1",180.089878,1,1,0.693955302238464
"Ethofumesate","DTXSID8034580","26225-79-6","CCOC1OC2=C(C=C(OS(C)(=O)=O)C=C2)C1(C)C",286.087495,1,1,0.704832792282104
"Citronellyl isobutyrate","DTXSID7052652","97-89-2","CC(CCOC(=O)C(C)C)CCC=C(C)C",226.19328,1,1,0.633781015872955
"Melengestrol acetate","DTXSID5048184","2919-66-6","CC(=O)O[C@]1(C(C)=O)C(=C)C[C@H]2[C@@H]3C=C(C)C4=CC(=O)CC[C@]4(C)[C@H]3CC[C@]12C",396.23006,1,1,0.587971925735474
"Phenacetin","DTXSID1021116","62-44-2","CCOC1=CC=C(NC(C)=O)C=C1",179.094629,1,1,0.571014523506165
"Methyl glyoxal","DTXSID0021628","78-98-8","CC(=O)C=O",72.021129,1,1,0.561107277870178
"Dibutyl butanedioate","DTXSID7021998","141-03-7","CCCCOC(=O)CCC(=O)OCCCC",230.151809,1,1,0.612685024738312
"1-Methoxy-2-propanol","DTXSID8024284","107-98-2","COCC(C)O",90.06808,1,0,0.377415329217911
"2-Methylanthraquinone","DTXSID5041439","84-54-8","CC1=CC2=C(C=C1)C(=O)C1=CC=CC=C1C2=O",222.06808,1,1,0.64841616153717
"12-Oxahexadecanolide","DTXSID4047705","6707-60-4","O=C1CCCCCCCCCCOCCCCO1",256.203845,1,1,0.487632185220718
"Terpinyl propionate","DTXSID3044833","80-27-3","CCC(=O)OC(C)(C)C1CCC(C)=CC1",210.16198,1,1,0.715623438358307
"1-Tetradecanol","DTXSID9026926","112-72-1","CCCCCCCCCCCCCCO",214.229666,1,1,0.697412192821503
"Carvyl acetate","DTXSID3024738","97-42-7","CC(=O)OC1CC(CC=C1C)C(C)=C",194.13068,1,1,0.711075723171234
"(4-Methoxyphenyl)methanol","DTXSID6044357","105-13-5","COC1=CC=C(CO)C=C1",138.06808,1,1,0.605816841125488
"2-Methylimidazole","DTXSID4022107","693-98-1","CC1=NC=CN1",82.053098,1,1,0.678455352783203
"1-Phenylpropan-1-one","DTXSID2044470","93-55-0","CCC(=O)C1=CC=CC=C1",134.073165,1,1,0.703953206539154
"Cycloate","DTXSID6032356","1134-23-2","CCSC(=O)N(CC)C1CCCCC1",215.134385,1,1,0.612837851047516
"4,4'-Oxybis(benzenesulfohydrazide)","DTXSID7026499","80-51-3","NNS(=O)(=O)C1=CC=C(OC2=CC=C(C=C2)S(=O)(=O)NN)C=C1",358.040562,1,1,0.694575190544128
"1-Butoxy-1-oxopropan-2-yl butanoate","DTXSID3044831","7492-70-8","CCCCOC(=O)C(C)OC(=O)CCC",216.136159,1,1,0.633625864982605
"Sulfamic acid","DTXSID6034005","5329-14-6","NS(O)(=O)=O",96.983364,1,1,0.707843601703644
"o-Ethoxyphenol","DTXSID2042276","94-71-3","CCOC1=C(O)C=CC=C1",138.06808,1,1,0.752263844013214
"4-Methoxybenzyl acetate","DTXSID1044770","104-21-2","COC1=CC=C(COC(C)=O)C=C1",180.078644,1,1,0.590789496898651
"Erythromycin","DTXSID4022991","114-07-8","CC[C@H]1OC(=O)[C@H](C)[C@@H](O[C@H]2C[C@@](C)(OC)[C@@H](O)[C@H](C)O2)[C@H](C)[C@@H](O[C@@H]2O[C@H](C)C[C@@H]([C@H]2O)N(C)C)[C@](C)(O)C[C@@H](C)C(=O)[C@H](C)[C@@H](O)[C@]1(C)O",733.461241,1,1,0.700582146644592
"Benzeneacetic acid, ethyl ester","DTXSID6044353","101-97-3","CCOC(=O)CC1=CC=CC=C1",164.08373,1,1,0.725993394851685
"3,3,5-Trimethylcyclohexanol","DTXSID9041815","116-02-9","CC1CC(O)CC(C)(C)C1",142.135765,1,1,0.690989851951599
"4-Methyl-1-(1-methylethyl)-3-cyclohexen-1-ol","DTXSID4044824","562-74-3","CC(C)C1(O)CCC(C)=CC1",154.135765,1,1,0.724220633506775
"3-Methyl-2-butanone","DTXSID0022062","563-80-4","CC(C)C(C)=O",86.073165,1,1,0.638012945652008
"Propofol","DTXSID6023523","2078-54-8","CC(C)C1=CC=CC(C(C)C)=C1O",178.135765,1,0,0.47035676240921
"Hexa-2,4-dienyl isobutyrate","DTXSID4047414","16491-24-0","CC=CC=CCOC(=O)C(C)C",168.11503,1,1,0.561571419239044
"1,3-Bis(4-nitrophenyl)urea 4,6-dimethylpyrimidin-2-ol (1:1)","DTXSID6034762","330-95-0","CC1=CC(C)=NC(=O)N1.[O-][N+](=O)C1=CC=C(NC(=O)NC2=CC=C(C=C2)[N+]([O-])=O)C=C1",426.128782,1,1,0.746766686439514
"1-Butanol","DTXSID1021740","71-36-3","CCCCO",74.073165,1,1,0.706453323364258
"Dibutyl sulfide","DTXSID6022058","544-40-1","CCCCSCCCC",146.112922,1,1,0.661718428134918
"4,4'-(Isopropylidenebis(4,1-phenyleneoxy))dianiline","DTXSID5051650","13080-86-9","CC(C)(C1=CC=C(OC2=CC=C(N)C=C2)C=C1)C1=CC=C(OC2=CC=C(N)C=C2)C=C1",410.199428,1,1,0.531171798706055
"Terbumeton","DTXSID1042445","33693-04-8","CCNC1=NC(OC)=NC(NC(C)(C)C)=N1",225.15896,1,1,0.601098835468292
"4-tert-Butylphenyl salicylate","DTXSID9037745","87-18-3","CC(C)(C)C1=CC=C(OC(=O)C2=C(O)C=CC=C2)C=C1",270.125594,1,1,0.600282430648804
"Phenylparaben","DTXSID4047882","17696-62-7","OC1=CC=C(C=C1)C(=O)OC1=CC=CC=C1",214.062994,1,0,0.459194421768188
"Dihydrojasmone lactone","DTXSID3041299","7011-83-8","CCCCCCC1(C)CCC(=O)O1",184.14633,1,1,0.735322117805481
"CP-105696","DTXSID7047308","158081-99-3","O[C@@H]1[C@@H](CC2=CC=C(C=C2)C2=CC=CC=C2)COC2=C1C=CC(=C2)C1(CCCC1)C(O)=O",428.198759,1,1,0.596380472183228
"UK-156819","DTXSID2047309","162706-14-1","CC1=C(C2=C(C=CC=C2)N1CCCCC(O)=O)C1=CN=CC=C1",308.152478,1,1,0.729643762111664
"Oxamyl","DTXSID6021086","23135-22-0","CNC(=O)ON=C(SC)C(=O)N(C)C",219.067762,1,1,0.694288015365601
"2-Carboxyethyl acrylate","DTXSID2027834","24615-84-7","OC(=O)CCOC(=O)C=C",144.042259,1,1,0.635010719299316
"Ethyl undec-10-enoate","DTXSID4044828","692-86-4","CCOC(=O)CCCCCCCCC=C",212.17763,1,1,0.640940845012665
"alpha-Isomethylionone","DTXSID7027047","127-51-5","CC(=O)C(C)=CC1C(C)=CCCC1(C)C",206.167065,1,1,0.564535796642303
"1-Phenylethyl propionate","DTXSID9047091","120-45-6","CCC(=O)OC(C)C1=CC=CC=C1",178.09938,0,0,0.480125665664673
"1,3,5-Undecatriene","DTXSID9047546","16356-11-9","CCCCCC=CC=CC=C",150.140851,0,0,0.217217370867729
"Isovaleric acid","DTXSID5029182","503-74-2","CC(C)CC(O)=O",102.06808,0,0,0.226606339216232
"1,1-Dimethoxyoctane","DTXSID1047520","10022-28-3","CCCCCCCC(OC)OC",174.16198,0,0,0.237424597144127
"1-(Methylsulfanyl)dodecane","DTXSID2044929","3698-89-3","CCCCCCCCCCCCSC",216.191172,0,0,0.31301137804985
"6-Methylhept-5-en-2-ol","DTXSID8051754","1569-60-4","CC(O)CCC=C(C)C",128.120115,0,0,0.213553354144096
"2,4,6-Tris(tert-butyl)phenol","DTXSID2021311","732-26-3","CC(C)(C)C1=CC(=C(O)C(=C1)C(C)(C)C)C(C)(C)C",262.229666,0,1,0.494985997676849
"1-Ethyl-2-methylbenzene","DTXSID2050403","611-14-3","CCC1=CC=CC=C1C",120.0939,0,0,0.224806487560272
"Rosiglitazone maleate","DTXSID2023569","155141-29-0","OC(=O)\C=C/C(O)=O.CN(CCOC1=CC=C(CC2SC(=O)NC2=O)C=C1)C1=CC=CC=N1",473.125671,0,0,0.306911140680313
"1,4-Dihydroxy-2-naphthoic acid","DTXSID0037730","31519-22-9","OC(=O)C1=C(O)C2=CC=CC=C2C(O)=C1",204.042259,0,0,0.220855921506882
"Isoborneol","DTXSID2042060","124-76-5","CC1(C)[C@@H]2CC[C@@]1(C)[C@H](O)C2",154.135765,0,1,0.512261390686035
"CP-422935","DTXSID5047299","NOCAS_47299","CS(O)(=O)=O.CCOC1=CC=CC(=C1)[C@]1(CC[C@H](C)CC1)N1CCN(CC1)C1=CC=CC=C1",474.255229,0,0,0.227611914277077
"4-Butylaniline","DTXSID8021856","104-13-2","CCCCC1=CC=C(N)C=C1",149.120449,0,0,0.284980297088623
"4-Hydroxyoctanoic acid lactone","DTXSID1047609","104-50-7","CCCCC1CCC(=O)O1",142.09938,0,0,0.415308952331543
"10-Undecen-1-al","DTXSID3037757","112-45-8","C=CCCCCCCCCC=O",168.151415,0,0,0.344550400972366
"Estriol","DTXSID9022366","50-27-1","C[C@]12CC[C@H]3[C@@H](CCC4=C3C=CC(O)=C4)[C@@H]1C[C@@H](O)[C@@H]2O",288.172545,0,0,0.2422856092453
"4-Methoxymethylcyclohexanemethanol","DTXSID4072990","98955-27-2","COCC1CCC(CO)CC1",158.13068,0,0,0.418346077203751
"Ethyl orthoformate","DTXSID8041957","122-51-0","CCOC(OCC)OCC",148.109944,0,0,0.276713788509369
"Dibutyl 1,2-benzenedicarboxylate","DTXSID2021781","84-74-2","CCCCOC(=O)C1=CC=CC=C1C(=O)OCCCC",278.151809,0,0,0.236925795674324
"1-(2-Isocyanatopropan-2-yl)-3-(prop-1-en-2-yl)benzene","DTXSID9044871","2094-99-7","CC(=C)C1=CC(=CC=C1)C(C)(C)N=C=O",201.115364,0,0,0.224311262369156
"1-Phenoxy-2-propanol","DTXSID9027312","770-35-4","CC(O)COC1=CC=CC=C1",152.08373,0,0,0.257343202829361
"Cyclosporin A","DTXSID0020365","59865-13-3","[H][C@@]1([C@H](O)[C@H](C)C\C=C\C)N(C)C(=O)[C@H](C(C)C)N(C)C(=O)[C@H](CC(C)C)N(C)C(=O)[C@H](CC(C)C)N(C)C(=O)[C@@H](C)NC(=O)[C@H](C)NC(=O)[C@H](CC(C)C)N(C)C(=O)[C@@H](NC(=O)[C@H](CC(C)C)N(C)C(=O)CN(C)C(=O)[C@H](CC)NC1=O)C(C)C",1201.841368,0,0,0.240773648023605
"Linalool","DTXSID7025502","78-70-6","CC(C)=CCCC(C)(O)C=C",154.135765,0,0,0.260052800178528
"Metoprolol","DTXSID2023309","51384-51-1","COCCC1=CC=C(OCC(O)CNC(C)C)C=C1",267.183444,0,0,0.300659507513046
"PHA-00568487","DTXSID1047285","527680-56-4","O=C(N[C@H]1CN2CCC1CC2)C1=CC2=C(OCCO2)C=C1",288.147393,0,0,0.2242671251297
"(S)-Limonene","DTXSID6047078","5989-54-8","CC(=C)[C@H]1CCC(C)=CC1",136.125201,0,0,0.407575905323029
"5-Nitro-o-anisidine","DTXSID0020943","99-59-2","COC1=C(N)C=C(C=C1)[N+]([O-])=O",168.053492,0,0,0.229751482605934
"Bis(2-ethylhexyl) decanedioate","DTXSID7025055","122-62-3","CCCCC(CC)COC(=O)CCCCCCCCC(=O)OCC(CC)CCCC",426.37091,0,1,0.481734573841095
"Musk ketone","DTXSID6025690","81-14-1","CC(=O)C1=C(C)C(=C(C(=C1C)[N+]([O-])=O)C(C)(C)C)[N+]([O-])=O",294.121572,0,1,0.560722351074219
"C.I. Solvent Yellow 56","DTXSID8041745","2481-94-9","CCN(CC)C1=CC=C(C=C1)N=NC1=CC=CC=C1",253.157898,0,0,0.277805149555206
"4-Cumylphenol","DTXSID3022536","599-64-4","CC(C)(C1=CC=CC=C1)C1=CC=C(O)C=C1",212.120115,0,0,0.266521811485291
"1,2-Dimethyl-3-nitrobenzene","DTXSID7025132","83-41-0","CC1=CC=CC(=C1C)[N+]([O-])=O",151.063329,0,0,0.311605304479599
"Tripropylene glycol","DTXSID7027837","24800-44-0","C*.C*.C*.OCCOCCOCCO |lp:6:2,9:2,12:2,15:2,m:1:13.14,3:11.10,5:8.7|",192.136159,0,0,0.244394138455391
"2-(2-Methylbutan-2-yl)cyclohexyl acetate","DTXSID0044573","67874-72-0","CCC(C)(C)C1CCCCC1OC(C)=O",212.17763,0,1,0.545319080352783
"Lactic acid","DTXSID7023192","50-21-5","CC(O)C(O)=O",90.031694,0,0,0.35614800453186
"2,6-Dimethyl-2,4,6-octatriene","DTXSID4027288","673-84-7","CC=C(C)C=CC=C(C)C",136.125201,0,0,0.462027281522751
"(+/-)-2,3-Dihydroxypropyl tetradecanoate","DTXSID0042454","589-68-4","CCCCCCCCCCCCCC(=O)OCC(O)CO",302.24571,0,0,0.217984512448311
"Anthralin","DTXSID7024538","1143-38-0","OC1=C2C(CC3=CC=CC(O)=C3C2=O)=CC=C1",226.062994,0,0,0.385882049798965
"{2-[2-(Ethenyloxy)ethoxy]ethoxy}ethene","DTXSID6044985","764-99-8","C=COCCOCCOC=C",158.094294,0,0,0.438119441270828
"6-Ethoxy-2,2,4-trimethyl-1,2,3,4-tetrahydroquinoline","DTXSID6042365","16489-90-0","CCOC1=CC=C2NC(C)(C)CC(C)C2=C1",219.162314,0,0,0.271115511655807
"Triethanolamine","DTXSID9021392","102-71-6","OCCN(CCO)CCO",149.105193,0,0,0.355207294225693
"Benzylacetone","DTXSID6033241","2550-26-7","CC(=O)CCC1=CC=CC=C1",148.088815,0,0,0.457095921039581
"alpha-Terpinyl acetate","DTXSID2026496","80-26-2","CC(=O)OC(C)(C)C1CCC(C)=CC1",196.14633,0,0,0.303393214941025
"1,3-Dioxolane","DTXSID4027284","646-06-0","C1COCO1",74.036779,0,0,0.391388714313507
"1,4-Dihydroxyanthracene-9,10-dione","DTXSID8044464","81-64-1","OC1=CC=C(O)C2=C1C(=O)C1=C(C=CC=C1)C2=O",240.042259,0,0,0.436442613601685
"N-Formylpiperidine","DTXSID8043941","2591-86-8","O=CN1CCCCC1",113.084064,0,0,0.226583138108253
"Diketometribuzin","DTXSID9037616","56507-37-0","CC(C)(C)C1=NNC(=O)N(N)C1=O",184.096026,0,0,0.444773882627487
"Limonene diepoxide","DTXSID9042097","96-08-2","CC1OC1C1CCC2(C)OC2C1",168.11503,0,0,0.340569466352463
"2,6,8-Trimethyl-4-nonanone","DTXSID7026998","123-18-2","CC(C)CC(C)CC(=O)CC(C)C",184.182715,0,0,0.462656378746033
"N,N,4-Trimethylaniline","DTXSID0021832","99-97-8","CN(C)C1=CC=C(C)C=C1",135.104799,0,0,0.237559631466866
"1,3-Dimethyl-4-nitrobenzene","DTXSID2025135","89-87-2","CC1=CC(C)=C(C=C1)[N+]([O-])=O",151.063329,0,0,0.395790606737137
"sec-Butylurea","DTXSID8027294","689-11-2","CCC(C)NC(N)=O",116.094963,0,0,0.290136426687241
"2,6-Di-tert-butyl-4-[(dimethylamino)methyl]phenol","DTXSID0044997","88-27-7","CN(C)CC1=CC(=C(O)C(=C1)C(C)(C)C)C(C)(C)C",263.224915,0,0,0.239151358604431
"(Z)-11-Hexadecenal","DTXSID1032303","53939-28-9","CCCC\C=C/CCCCCCCCCC=O",238.229666,0,0,0.242355048656464
"2-Phenylethyl phenylacetate","DTXSID0044494","102-20-5","O=C(CC1=CC=CC=C1)OCCC1=CC=CC=C1",240.11503,0,0,0.236368402838707
"PharmaGSID_48521","DTXSID8048521","1191914-21-2","CCCC[C@H]1CN(CC2CCOCC2)C(=O)OC11CCN(CC1)C1(C)CCN(CC1)C(=O)C1=C(C)N=CN=C1C",555.378455,0,0,0.283164530992508
"3-Methylbutyl acetate","DTXSID9025453","123-92-2","CC(C)CCOC(C)=O",130.09938,0,0,0.247444733977318
"4-Methylpent-3-en-2-one","DTXSID1029170","141-79-7","CC(C)=CC(C)=O",98.073165,0,0,0.445635944604874
"1,5-Naphthalene diisocyanate","DTXSID8040145","3173-72-6","O=C=NC1=CC=CC2=C(C=CC=C12)N=C=O",210.042927,0,0,0.222801864147186
"Cyclamen aldehyde","DTXSID2044769","103-95-7","CC(CC1=CC=C(C=C1)C(C)C)C=O",190.135765,0,0,0.440149933099747
"Isobutyl salicylate","DTXSID3047186","87-19-4","CC(C)COC(=O)C1=CC=CC=C1O",194.094294,0,0,0.417379051446915
"Arbutin","DTXSID7040152","497-76-7","OC[C@H]1O[C@@H](OC2=CC=C(O)C=C2)[C@H](O)[C@@H](O)[C@@H]1O",272.089603,0,0,0.413240194320679
"4-Nitro-1,2-phenylenediamine","DTXSID9020958","99-56-9","NC1=C(N)C=C(C=C1)[N+]([O-])=O",153.053826,0,0,0.414888441562653
"Famoxadone","DTXSID8034588","131807-57-3","CC1(OC(=O)N(NC2=CC=CC=C2)C1=O)C1=CC=C(OC2=CC=CC=C2)C=C1",374.126657,0,0,0.229855507612228
"5,5'-Oxybis(2-benzofuran-1,3-dione)","DTXSID1044859","1823-59-2","O=C1OC(=O)C2=C1C=CC(OC1=CC3=C(C=C1)C(=O)OC3=O)=C2",310.011353,0,0,0.334846764802933
"2-Hydroxybenzonitrile","DTXSID3041661","611-20-1","OC1=C(C=CC=C1)C#N",119.037114,0,0,0.272631943225861
"Praziquantel","DTXSID9021182","55268-74-1","O=C(C1CCCCC1)N1CC2N(CCC3=C2C=CC=C3)C(=O)C1",312.183778,0,0,0.342952042818069
"Glycidol","DTXSID4020666","556-52-5","OCC1CO1",74.036779,0,0,0.387606710195541
"4-Oxopentanoic acid","DTXSID8021648","123-76-2","CC(=O)CCC(O)=O",116.047344,0,0,0.237258493900299
"alpha-Angelica lactone","DTXSID7047693","591-12-8","CC1=CCC(=O)O1",98.036779,0,1,0.57144820690155
"2,3-Butanediol","DTXSID8041321","513-85-9","CC(O)C(C)O",90.06808,0,0,0.360868066549301
"Sulfosuccinic acid","DTXSID8042426","5138-18-1","OC(=O)CC(C(O)=O)S(O)(=O)=O",197.983424,0,0,0.213428944349289
"2,4-Dimethyl-3-cyclohexene-1-carboxaldehyde","DTXSID5044574","68039-49-6","CC1C=C(C)CCC1C=O",138.104465,0,0,0.254869252443314
"1-Hexanethiol","DTXSID0051574","111-31-9","CCCCCCS",118.081622,0,0,0.465280026197433
"(-)-beta-Pinene","DTXSID1041184","18172-67-3","CC1(C)[C@@H]2C[C@H]1C(=C)CC2",136.125201,0,0,0.360762417316437
"2,5-Di-tert-butylbenzene-1,4-diol","DTXSID8041248","88-58-4","CC(C)(C)C1=CC(O)=C(C=C1O)C(C)(C)C",222.16198,0,0,0.278246849775314
"2-Anisidine","DTXSID5023877","90-04-0","COC1=CC=CC=C1N",123.068414,0,0,0.236581057310104
"3-Nitrobenzoic acid","DTXSID0025737","121-92-6","OC(=O)C1=CC=CC(=C1)[N+]([O-])=O",167.021858,0,1,0.610832571983337
"1-Dodecanamine","DTXSID3021984","124-22-1","CCCCCCCCCCCCN",185.21435,0,1,0.599767982959747
"3-Methyl-2-buten-1-ol","DTXSID2027206","556-82-1","CC(C)=CCO",86.073165,0,0,0.251440227031708
"Dimethyl sulfone","DTXSID4043937","67-71-0","CS(C)(=O)=O",94.008851,0,0,0.375152379274368
"3-Methyl-4,6-di-tert-butylphenol","DTXSID1041502","497-39-2","CC1=C(C=C(C(O)=C1)C(C)(C)C)C(C)(C)C",220.182715,0,0,0.446143686771393
"2-tert-Butylcyclohexyl acetate","DTXSID3036105","88-41-5","CC(=O)OC1CCCCC1C(C)(C)C",198.16198,0,1,0.491933524608612
"4-(4-Methoxyphenyl)-2-butanone","DTXSID5047166","104-20-1","COC1=CC=C(CCC(C)=O)C=C1",178.09938,0,0,0.413158744573593
"3,3'-Diaminobenzidine","DTXSID2036827","91-95-2","NC1=CC=C(C=C1N)C1=CC(N)=C(N)C=C1",214.121846,0,0,0.347091645002365
"Geranyl tiglate","DTXSID9047413","7785-33-3","C\C=C(/C)C(=O)OC\C=C(/C)CCC=C(C)C",236.17763,0,0,0.354241728782654
"Thiabendazole","DTXSID0021337","148-79-8","N1C2=C(C=CC=C2)N=C1C1=CSC=N1",201.036068,0,0,0.444529324769974
"Dimethyl sulfoxide","DTXSID2021735","67-68-5","CS(C)=O",78.013936,0,0,0.24236798286438
"Methyl octanoate","DTXSID2026864","111-11-5","CCCCCCCC(=O)OC",158.13068,0,0,0.262005835771561
"Pinoxaden","DTXSID8034823","243973-20-8","CCC1=CC(C)=CC(CC)=C1C1=C(OC(=O)C(C)(C)C)N2CCOCCN2C1=O",400.236208,0,0,0.250613749027252
"(2E)-3,7-Dimethyl-2,6-octadien-1-ol","DTXSID8026727","106-24-1","CC(C)=CCC\C(C)=C\CO",154.135765,0,0,0.219258725643158
"2-Octyl-1-dodecanol","DTXSID3036288","5333-42-6","CCCCCCCCCCC(CO)CCCCCCCC",298.323566,0,0,0.224983692169189
"Benzophenone","DTXSID0021961","119-61-9","O=C(C1=CC=CC=C1)C1=CC=CC=C1",182.073165,0,1,0.683996677398682
"beta-Nitrostyrene","DTXSID0025789","102-96-5","[O-][N+](=O)C=CC1=CC=CC=C1",149.047678,0,0,0.45377716422081
"Ethane-1,2-diyl bis(sulfanylacetate)","DTXSID0044527","123-81-9","SCC(=O)OCCOC(=O)CS",210.002051,0,0,0.446540594100952
"PharmaGSID_48509","DTXSID0048509","NOCAS_48509","CCCN(C1CCN(CC1)C(=O)C1CCNCC1)[C@@H]1CCC2=C(C1)C=C(OC)C=C2",413.304228,0,0,0.226021617650986
"Ethyl cyanoacrylate","DTXSID1025279","7085-85-0","CCOC(=O)C(=C)C#N",125.047678,0,0,0.27713468670845
"N,N-Dimethyldodecan-1-amine","DTXSID1026906","112-18-5","CCCCCCCCCCCCN(C)C",213.24565,0,0,0.219938531517982
"S-Methoprene","DTXSID1035783","65733-16-6","COC(C)(C)CCC[C@H](C)C\C=C\C(\C)=C\C(=O)OC(C)C",310.250795,0,0,0.236581057310104
"Spiromesifen","DTXSID1034929","283594-90-1","CC1=CC(C)=C(C2=C(OC(=O)CC(C)(C)C)C3(CCCC3)OC2=O)C(C)=C1",370.214409,0,0,0.236850813031197
"2-Cyanoethyl prop-2-enoate","DTXSID1044776","106-71-8","C=CC(=O)OCCC#N",125.047678,0,0,0.315035492181778
"2-Tert-Butyl-5-methylphenol","DTXSID2026529","88-60-8","CC1=CC(O)=C(C=C1)C(C)(C)C",164.120115,0,0,0.364316701889038
"2-Methyl-3(2H)-isothiazolone","DTXSID2034259","2682-20-4","CN1SC=CC1=O",115.009185,0,1,0.575789391994476
"Farnesyl acetate","DTXSID2047222","29548-30-9","CC(C)=CCCC(C)=CCCC(C)=CCOC(C)=O",264.20893,0,0,0.305089235305786
"C.I. Disperse Blue 27","DTXSID3025209","15791-78-3","OCCC1=CC=C(NC2=CC=C(O)C3=C2C(=O)C2=C(C=CC(O)=C2C3=O)[N+]([O-])=O)C=C1",420.095751,0,0,0.468052327632904
"1,2-Phenylenediamine","DTXSID3025881","95-54-5","NC1=C(N)C=CC=C1",108.068748,0,0,0.2530138194561
"Quetiapine fumarate","DTXSID3044201","111974-72-2","OC(=O)\C=C\C(O)=O.OCCOCCN1CCN(CC1)C1=NC2=CC=CC=C2SC2=C1C=CC=C2.OCCOCCN1CCN(CC1)C1=NC2=CC=CC=C2SC2=C1C=CC=C2",882.344455,0,0,0.471805542707443
"Hex-3-yne-2,5-diol","DTXSID3044910","3031-66-1","CC(O)C#CC(C)O",114.06808,0,0,0.422866642475128
"Diprop-2-en-1-yl (2Z)-but-2-enedioate","DTXSID3044752","999-21-3","C=CCOC(=O)\C=C/C(=O)OCC=C",196.073559,0,0,0.269088357686996
"Tetrahydrocurcumin","DTXSID30865801","36062-04-1","COC1=CC(CCC(=O)CC(=O)CCC2=CC(OC)=C(O)C=C2)=CC=C1O",372.157288,0,0,0.446037709712982
"2-Tridecanone","DTXSID4022070","593-08-8","CCCCCCCCCCCC(C)=O",198.198365,0,0,0.289344727993011
"Bisphenol B","DTXSID4022442","77-40-7","CCC(C)(C1=CC=C(O)C=C1)C1=CC=C(O)C=C1",242.13068,0,0,0.474211931228638
"1-Octyl-2-pyrrolidone","DTXSID4036435","2687-94-7","CCCCCCCCN1CCCC1=O",197.177964,0,0,0.433090329170227
"1,4-Butanediol diacrylate","DTXSID6044779","1070-70-8","C=CC(=O)OCCCCOC(=O)C=C",198.089209,0,0,0.406347870826721
"Bisphenol A","DTXSID7020182","80-05-7","CC(C)(C1=CC=C(O)C=C1)C1=CC=C(O)C=C1",228.11503,0,0,0.328541278839111
"4-Phenylphenol","DTXSID7021152","92-69-3","OC1=CC=C(C=C1)C1=CC=CC=C1",170.073165,0,0,0.262289941310883
"Dipentaerythritol pentaacrylate","DTXSID7041887","60506-81-2","OCC(COCC(COC(=O)C=C)(COC(=O)C=C)COC(=O)C=C)(COC(=O)C=C)COC(=O)C=C",524.189376,0,0,0.24597541987896
"N-(Cyclohexylthio)phthalimide","DTXSID8027793","17796-82-6","O=C1N(SC2CCCCC2)C(=O)C2=C1C=CC=C2",261.08235,0,0,0.412162899971008
"1,1,2,2-(4,4',4'',4'''-Tetraglycidyloxyphenyl)ethane","DTXSID8029286","7328-97-4","C(OC1=CC=C(C=C1)C(C(C1=CC=C(OCC2CO2)C=C1)C1=CC=C(OCC2CO2)C=C1)C1=CC=C(OCC2CO2)C=C1)C1CO1",622.256668,0,1,0.500292897224426
"Pentaerythritol tetraacrylate","DTXSID8042264","4986-89-4","C=CC(=O)OCC(COC(=O)C=C)(COC(=O)C=C)COC(=O)C=C",352.115818,1,1,0.670917809009552
"1,6-Hexanediol diacrylate","DTXSID9025401","13048-33-4","C=CC(=O)OCCCCCCOC(=O)C=C",226.120509,1,1,0.644337177276611
"1,1-Bis(3,4-dimethylphenyl)ethane","DTXSID9029223","1742-14-9","CC(C1=CC=C(C)C(C)=C1)C1=CC=C(C)C(C)=C1",238.172151,1,1,0.48089811205864
"Binapacryl","DTXSID9040269","485-31-4","CCC(C)C1=CC(=CC(=C1OC(=O)C=C(C)C)[N+]([O-])=O)[N+]([O-])=O",322.116486,1,1,0.691422164440155
