rank	formulaRank	ConfidenceScore	CSI:FingerIDScore	molecularFormula	adduct	InChIkey2D	InChI	name	smiles	xlogp	pubchemids	links	dbflags
1	1	0.1212328428991248	-6.298355643734256	C18H30O3S	[M - H]-	KWXICGTUELOLSQ	InChI=1S/C18H30O3S/c1-2-3-4-5-6-7-8-9-10-11-12-17-13-15-18(16-14-17)22(19,20)21/h13-16H,2-12H2,1H3,(H,19,20,21)	ACMC-20amjp	CCCCCCCCCCCCC1=CC=C(C=C1)S(=O)(=O)O	6.29350996	8485;4378467;138396204	NORMAN:(NS00001378);COCONUT:(CNP0003545);HMDB:(59915);PubChem:(8485 4378467 138396204);additional;PubChem class - safety and toxic;Training Set;PubMed	70008906
2	1	N/A	-20.92387079047808	C18H30O3S	[M - H]-	WBIQQQGBSDOWNP	InChI=1S/C18H30O3S/c1-2-3-4-5-6-7-8-9-10-11-14-17-15-12-13-16-18(17)22(19,20)21/h12-13,15-16H,2-11,14H2,1H3,(H,19,20,21)	2-dodecylbenzenesulfonate	CCCCCCCCCCCCC1=CC=CC=C1S(=O)(=O)O	6.9000001	25457;14849467	NORMAN:(NS00002838);COCONUT:(CNP0097449);HMDB:(31031);PubChem class - food;PubChem:(25457 14849467);PubChem class - bio and metabolites;PubChem class - safety and toxic;Training Set;PubMed	220479562
3	1	N/A	-25.10536481984886	C18H30O3S	[M - H]-	YNJLGQRDQAQAHR	InChI=1S/C18H30O3S/c1-3-5-6-7-8-9-11-16(10-4-2)17-12-14-18(15-13-17)22(19,20)21/h12-16H,3-11H2,1-2H3,(H,19,20,21)	4-dodecan-4-ylbenzenesulfonate	CCCCCCCCC(CCC)C1=CC=C(C=C1)S(=O)(=O)O	6.69999981	14921169;21723698	PubChem:(14921169 21723698);NORMAN:(NS00014529)	262146
4	1	N/A	-25.11608733594194	C18H30O3S	[M - H]-	QJRVOJKLQNSNDB	InChI=1S/C18H30O3S/c1-3-5-6-7-8-9-10-11-16(4-2)17-12-14-18(15-13-17)22(19,20)21/h12-16H,3-11H2,1-2H3,(H,19,20,21)	4-dodecan-3-ylbenzenesulfonic acid	CCCCCCCCCC(CC)C1=CC=C(C=C1)S(=O)(=O)O	6.69999981	29249;53316394;93473033;93473034	NORMAN:(NS00014223);PubChem class - safety and toxic;PubChem:(29249 53316394 93473033 93473034);PubMed	67371074
5	1	N/A	-27.929489270596658	C18H30O3S	[M - H]-	FQWWBDRIEVYQEW	InChI=1S/C18H30O3S/c1-3-5-7-8-9-11-16(10-6-4-2)17-12-14-18(15-13-17)22(19,20)21/h12-16H,3-11H2,1-2H3,(H,19,20,21)	Benzenesulfonic acid, 4-(1-butyloctyl)-	CCCCCCCC(CCCC)C1=CC=C(C=C1)S(=O)(=O)O	6.69999981	15593880;132500788	PubChem:(15593880 132500788)	2
6	1	N/A	-30.283283882217294	C18H30O3S	[M - H]-	CJTZDYDOPZRFTF	InChI=1S/C18H30O3S/c1-3-4-5-6-7-8-9-10-11-16(2)17-12-14-18(15-13-17)22(19,20)21/h12-16H,3-11H2,1-2H3,(H,19,20,21)	4-dodecan-2-ylbenzenesulfonate	CCCCCCCCCCC(C)C1=CC=C(C=C1)S(=O)(=O)O	6.69999981	16649;59092928;76968338;76968340	NORMAN:(NS00006760);PubChem:(16649 59092928 76968338 76968340);PubMed	262210
7	1	N/A	-32.11916684135161	C18H30O3S	[M - H]-	ZJGVLZVSSCYXFU	InChI=1S/C18H30O3S/c1-4-5-6-7-8-9-10-15-18(2,3)16-11-13-17(14-12-16)22(19,20)21/h11-14H,4-10,15H2,1-3H3,(H,19,20,21)	null	CCCCCCCCCC(C)(C)C1=CC=C(C=C1)S(=O)(=O)O	6.69999981	44155019	PubChem:(44155019)	2
8	1	N/A	-44.58880895245325	C18H30O3S	[M - H]-	BFSAKYCOGSJXSS	InChI=1S/C18H30O3S/c1-4-5-6-7-8-9-14-18(2,3)15-16-10-12-17(13-11-16)22(19,20)21/h10-13H,4-9,14-15H2,1-3H3,(H,19,20,21)	null	CCCCCCCCC(C)(C)CC1=CC=C(C=C1)S(=O)(=O)O	6.4000001	44154383	PubChem:(44154383)	2
9	1	N/A	-46.07735951794884	C18H30O3S	[M - H]-	VRBBIZLFYGRQNO	InChI=1S/C18H30O3S/c1-3-5-7-8-9-10-12-16-13-11-15-18(22(19,20)21)17(16)14-6-4-2/h11,13,15H,3-10,12,14H2,1-2H3,(H,19,20,21)	null	CCCCCCCCC1=C(C(=CC=C1)S(=O)(=O)O)CCCC	6.5999999	88800943	PubChem:(88800943)	2
10	1	N/A	-47.22017722424102	C18H30O3S	[M - H]-	FZPGBCPJNCFQRR	InChI=1S/C18H30O3S/c1-16(2,3)12-17(4,5)13-18(6,7)14-8-10-15(11-9-14)22(19,20)21/h8-11H,12-13H2,1-7H3,(H,19,20,21)	null	CC(C)(C)CC(C)(C)CC(C)(C)C1=CC=C(C=C1)S(=O)(=O)O	5.80000019	101630700	PubChem:(101630700)	2
11	1	N/A	-47.922365888492045	C18H30O3S	[M - H]-	HRPQWSOMACYCRG	InChI=1S/C18H30O3S/c1-2-3-4-5-6-7-8-9-10-11-13-17-14-12-15-18(16-17)22(19,20)21/h12,14-16H,2-11,13H2,1H3,(H,19,20,21)	null	CCCCCCCCCCCCC1=CC(=CC=C1)S(=O)(=O)O	6.9000001	25456	PubChem:(25456);COCONUT:(CNP0003546)	2097154
12	1	N/A	-48.33535460202868	C18H30O3S	[M - H]-	GHNRTXCRBJQVGN	InChI=1S/C18H30O3S/c1-3-5-7-9-11-16(10-8-6-4-2)17-12-14-18(15-13-17)22(19,20)21/h12-16H,3-11H2,1-2H3,(H,19,20,21)	Alkylbenzene sulfonate	CCCCCCC(CCCCC)C1=CC=C(C=C1)S(=O)(=O)O	6.69999981	16652;101403440	NORMAN:(NS00001000);PubChem:(16652 101403440);PubMed	262210
13	1	N/A	-54.596832133765034	C18H30O3S	[M - H]-	DSTJXGXNJJMWBE	InChI=1S/C18H30O3S/c1-2-3-4-5-6-7-8-10-17-12-14-18(15-13-17)11-9-16-22(19,20)21/h12-15H,2-11,16H2,1H3,(H,19,20,21)	null	CCCCCCCCCC1=CC=C(C=C1)CCCS(=O)(=O)O	6.0	123186017	PubChem:(123186017)	2
14	1	N/A	-55.41801549901521	C18H30O3S	[M - H]-	JTMHUIZSKZVQBQ	InChI=1S/C18H30O3S/c1-4-6-7-8-9-15-18(3,14-5-2)16-10-12-17(13-11-16)22(19,20)21/h10-13H,4-9,14-15H2,1-3H3,(H,19,20,21)	null	CCCCCCCC(C)(CCC)C1=CC=C(C=C1)S(=O)(=O)O	6.69999981	100942732	PubChem:(100942732)	2
15	1	N/A	-55.43299179866101	C18H30O3S	[M - H]-	SXWJDOBQKMUGSE	InChI=1S/C18H30O3S/c1-3-9-16(4-2)10-7-5-6-8-11-17-12-14-18(15-13-17)22(19,20)21/h12-16H,3-11H2,1-2H3,(H,19,20,21)	4-(7-ethyldecyl)benzenesulfonic acid	CCCC(CC)CCCCCCC1=CC=C(C=C1)S(=O)(=O)O	6.5999999	22833354	PubChem:(22833354);NORMAN:(NS00066530)	262146
16	1	N/A	-55.60371890845078	C18H30O3S	[M - H]-	MTRVEHNLNAYRTF	InChI=1S/C18H30O3S/c1-4-5-6-7-8-14-18(2,3)15-13-16-9-11-17(12-10-16)22(19,20)21/h9-12H,4-8,13-15H2,1-3H3,(H,19,20,21)	null	CCCCCCCC(C)(C)CCC1=CC=C(C=C1)S(=O)(=O)O	6.4000001	44154835	PubChem:(44154835)	2
17	1	N/A	-56.10917155853132	C18H30O3S	[M - H]-	BZFPQGCHEIDXBM	InChI=1S/C18H30O3S/c1-3-4-5-6-7-8-9-10-16(2)15-17-11-13-18(14-12-17)22(19,20)21/h11-14,16H,3-10,15H2,1-2H3,(H,19,20,21)	null	CCCCCCCCCC(C)CC1=CC=C(C=C1)S(=O)(=O)O	6.5999999	101088281	PubChem:(101088281)	2
18	1	N/A	-59.86093583329355	C18H30O3S	[M - H]-	QPVHUNUVHODYTG	InChI=1S/C18H30O3S/c1-3-5-6-7-8-9-13-16(12-4-2)17-14-10-11-15-18(17)22(19,20)21/h10-11,14-16H,3-9,12-13H2,1-2H3,(H,19,20,21)	2-dodecan-4-ylbenzenesulfonic acid	CCCCCCCCC(CCC)C1=CC=CC=C1S(=O)(=O)O	6.69999981	15153163	PubChem:(15153163)	2
19	1	N/A	-59.871658349386635	C18H30O3S	[M - H]-	WSGLAALTDQWHOP	InChI=1S/C18H30O3S/c1-3-5-6-7-8-9-10-13-16(4-2)17-14-11-12-15-18(17)22(19,20)21/h11-12,14-16H,3-10,13H2,1-2H3,(H,19,20,21)	null	CCCCCCCCCC(CC)C1=CC=CC=C1S(=O)(=O)O	6.69999981	15153165	PubChem:(15153165)	2
20	1	N/A	-60.56129355810468	C18H30O3S	[M - H]-	MDAHRODILVNKPP	InChI=1S/C18H30O3S/c1-3-5-7-8-12-16(11-6-4-2)15-17-13-9-10-14-18(17)22(19,20)21/h9-10,13-14,16H,3-8,11-12,15H2,1-2H3,(H,19,20,21)	2-(2-butyloctyl)benzenesulfonic acid	CCCCCCC(CCCC)CC1=CC=CC=C1S(=O)(=O)O	6.5999999	18944619	PubChem:(18944619)	2
21	1	N/A	-62.228201544839216	C18H30O3S	[M - H]-	BGMULSCUKIIJFT	InChI=1S/C18H30O3S/c1-4-5-6-7-8-9-12-15-18(2,3)16-13-10-11-14-17(16)22(19,20)21/h10-11,13-14H,4-9,12,15H2,1-3H3,(H,19,20,21)	2-(2-methylundecan-2-yl)benzenesulfonic acid	CCCCCCCCCC(C)(C)C1=CC=CC=C1S(=O)(=O)O	6.69999981	17782171	PubChem:(17782171)	2
22	1	N/A	-62.685060284041455	C18H30O3S	[M - H]-	PACNATXFZPMCHP	InChI=1S/C18H30O3S/c1-3-5-7-8-9-13-16(12-6-4-2)17-14-10-11-15-18(17)22(19,20)21/h10-11,14-16H,3-9,12-13H2,1-2H3,(H,19,20,21)	2-dodecan-5-ylbenzenesulfonic acid	CCCCCCCC(CCCC)C1=CC=CC=C1S(=O)(=O)O	6.69999981	15153159	PubChem:(15153159)	2
23	1	N/A	-63.303027466675324	C18H30O3S	[M - H]-	UXEVNAWKPUUYDN	InChI=1S/C18H30O3S/c1-4-5-6-7-8-9-15(2)14-16(3)17-10-12-18(13-11-17)22(19,20)21/h10-13,15-16H,4-9,14H2,1-3H3,(H,19,20,21)	4-(4-methylundecan-2-yl)benzenesulfonate	CCCCCCCC(C)CC(C)C1=CC=C(C=C1)S(=O)(=O)O	6.4000001	20696307;20696308	PubChem:(20696307 20696308)	2
24	1	N/A	-63.56827091766191	C18H30O3S	[M - H]-	OWILVGDLTGETSV	InChI=1S/C18H30O3S/c1-3-5-7-9-12-16-13-11-15-18(22(19,20)21)17(16)14-10-8-6-4-2/h11,13,15H,3-10,12,14H2,1-2H3,(H,19,20,21)	Benzenesulfonic acid, dihexyl-	CCCCCCC1=C(C(=CC=C1)S(=O)(=O)O)CCCCCC	6.5999999	21996760	PubChem:(21996760)	2
25	1	N/A	-63.798295782048974	C18H30O3S	[M - H]-	OGMVLWDJPHOMCU	InChI=1S/C18H30O3S/c1-4-6-8-9-15-18(3,14-7-5-2)16-10-12-17(13-11-16)22(19,20)21/h10-13H,4-9,14-15H2,1-3H3,(H,19,20,21)	null	CCCCCCC(C)(CCCC)C1=CC=C(C=C1)S(=O)(=O)O	6.69999981	102533232	PubChem:(102533232)	2
26	1	N/A	-65.03885489566201	C18H30O3S	[M - H]-	ZBFIAZCKLNHUOG	InChI=1S/C18H30O3S/c1-3-4-5-6-7-8-9-10-13-16(2)17-14-11-12-15-18(17)22(19,20)21/h11-12,14-16H,3-10,13H2,1-2H3,(H,19,20,21)	null	CCCCCCCCCCC(C)C1=CC=CC=C1S(=O)(=O)O	6.69999981	14718327	PubChem:(14718327)	2
27	1	N/A	-67.58159501538	C18H30O3S	[M - H]-	FFJMXGFVECOWJQ	InChI=1S/C18H30O3S/c1-3-5-9-16(4-2)10-7-6-8-11-17-12-14-18(15-13-17)22(19,20)21/h12-16H,3-11H2,1-2H3,(H,19,20,21)	4-(6-ethyldecyl)benzenesulfonic acid	CCCCC(CC)CCCCCC1=CC=C(C=C1)S(=O)(=O)O	6.5999999	22833405	PubChem:(22833405);NORMAN:(NS00066352)	262146
28	1	N/A	-68.43304054655901	C18H30O3S	[M - H]-	CIEWENZFAMHIPW	InChI=1S/C18H30O3S/c1-3-5-6-7-8-9-10-12-16(4-2)17-13-11-14-18(15-17)22(19,20)21/h11,13-16H,3-10,12H2,1-2H3,(H,19,20,21)	null	CCCCCCCCCC(CC)C1=CC(=CC=C1)S(=O)(=O)O	6.69999981	88681964	PubChem:(88681964)	2
29	1	N/A	-68.62016534464512	C18H30O3S	[M - H]-	VMZLPTYYJKWIGA	InChI=1S/C18H30O3S/c1-4-5-6-7-8-15(2)9-10-16(3)17-11-13-18(14-12-17)22(19,20)21/h11-16H,4-10H2,1-3H3,(H,19,20,21)	4-(5-methylundecan-2-yl)benzenesulfonic acid	CCCCCCC(C)CCC(C)C1=CC=C(C=C1)S(=O)(=O)O	6.4000001	20696310	PubChem:(20696310)	2
30	1	N/A	-69.51016839849375	C18H30O3S	[M - H]-	UKSKZKJVARWMOV	InChI=1S/C18H30O3S/c1-2-3-4-5-6-7-9-14-18(15-16-22(19,20)21)17-12-10-8-11-13-17/h8,10-13,18H,2-7,9,14-16H2,1H3,(H,19,20,21)	3-phenyldodecane-1-sulfonate	CCCCCCCCCC(CCS(=O)(=O)O)C1=CC=CC=C1	6.0999999	19907014;19907015	PubChem:(19907014 19907015)	2
31	1	N/A	-69.70675288239458	C18H30O3S	[M - H]-	ZEVIEAXYWWGJJD	InChI=1S/C18H30O3S/c1-3-5-7-9-11-16-13-17(12-10-8-6-4-2)15-18(14-16)22(19,20)21/h13-15H,3-12H2,1-2H3,(H,19,20,21)	3,5-dihexylbenzenesulfonic acid	CCCCCCC1=CC(=CC(=C1)S(=O)(=O)O)CCCCCC	6.5999999	20871090	PubChem:(20871090)	2
32	1	N/A	-69.99812647322511	C18H30O3S	[M - H]-	BHJKELPSJPEUSN	InChI=1S/C18H30O3S/c1-4-5-6-7-8-9-10-14-18(2,3)16-12-11-13-17(15-16)22(19,20)21/h11-13,15H,4-10,14H2,1-3H3,(H,19,20,21)	3-(2-methylundecan-2-yl)benzenesulfonic acid	CCCCCCCCCC(C)(C)C1=CC(=CC=C1)S(=O)(=O)O	6.69999981	22401009	PubChem:(22401009)	2
33	1	N/A	-70.87516342823368	C18H30O3S	[M - H]-	WMJBKKXOPPHPCL	InChI=1S/C18H30O3S/c1-2-3-4-5-6-8-12-18(15-11-16-22(19,20)21)17-13-9-7-10-14-17/h7,9-10,13-14,18H,2-6,8,11-12,15-16H2,1H3,(H,19,20,21)	null	CCCCCCCCC(CCCS(=O)(=O)O)C1=CC=CC=C1	5.9000001	87830768;100958067	PubChem:(87830768 100958067)	2
34	1	N/A	-71.24644248121378	C18H30O3S	[M - H]-	YPBPBEHIMKJHDL	InChI=1S/C18H30O3S/c1-3-5-7-8-9-12-16(11-6-4-2)17-13-10-14-18(15-17)22(19,20)21/h10,13-16H,3-9,11-12H2,1-2H3,(H,19,20,21)	null	CCCCCCCC(CCCC)C1=CC(=CC=C1)S(=O)(=O)O	6.07393789	57286794	PubChem:(57286794)	2
35	1	N/A	-71.58108474667549	C18H30O3S	[M - H]-	FJMIRJVXKKSEQO	InChI=1S/C18H30O3S/c1-3-4-5-6-7-8-9-10-11-14-17-15-12-13-16(2)18(17)22(19,20)21/h12-13,15H,3-11,14H2,1-2H3,(H,19,20,21)	null	CCCCCCCCCCCC1=CC=CC(=C1S(=O)(=O)O)C	6.69999981	88066671	PubChem:(88066671)	2
36	1	N/A	-72.16255695061315	C18H30O3S	[M - H]-	LATSHRXSHSGKRV	InChI=1S/C18H30O3S/c1-18(2,3)15-9-7-5-4-6-8-10-16-11-13-17(14-12-16)22(19,20)21/h11-14H,4-10,15H2,1-3H3,(H,19,20,21)	null	CC(C)(C)CCCCCCCCC1=CC=C(C=C1)S(=O)(=O)O	5.91824913	44154684	PubChem:(44154684)	2
37	1	N/A	-72.18212625162096	C18H30O3S	[M - H]-	FRVFPWKHUIAORK	InChI=1S/C18H30O3S/c1-2-3-4-5-7-12-18(17-13-8-6-9-14-17)15-10-11-16-22(19,20)21/h6,8-9,13-14,18H,2-5,7,10-12,15-16H2,1H3,(H,19,20,21)	null	CCCCCCCC(CCCCS(=O)(=O)O)C1=CC=CC=C1	5.9000001	100958075;100958076	PubChem:(100958075 100958076)	2
38	1	N/A	-72.36067891604212	C18H30O3S	[M - H]-	DBKIUAIHYVPNFS	InChI=1S/C18H30O3S/c1-6-7-12-17(2,3)13-14-18(4,5)15-8-10-16(11-9-15)22(19,20)21/h8-11H,6-7,12-14H2,1-5H3,(H,19,20,21)	null	CCCCC(C)(C)CCC(C)(C)C1=CC=C(C=C1)S(=O)(=O)O	6.19999981	24834770	PubChem:(24834770)	2
39	1	N/A	-73.09616282122326	C18H30O3S	[M - H]-	OHSFUZLXHZTTJO	InChI=1S/C18H30O3S/c1-4-6-8-14-18(3,15-9-7-5-2)16-10-12-17(13-11-16)22(19,20)21/h10-13H,4-9,14-15H2,1-3H3,(H,19,20,21)	null	CCCCCC(C)(CCCCC)C1=CC=C(C=C1)S(=O)(=O)O	6.69999981	101998331	PubChem:(101998331)	2
40	1	N/A	-74.17061272201587	C18H30O3S	[M - H]-	WLFONUVMQNTLNG	InChI=1S/C18H30O3S/c1-2-3-4-5-6-7-8-9-13-16-18(22(19,20)21)17-14-11-10-12-15-17/h10-12,14-15,18H,2-9,13,16H2,1H3,(H,19,20,21)	1-phenyldodecane-1-sulfonate	CCCCCCCCCCCC(C1=CC=CC=C1)S(=O)(=O)O	6.19999981	20470077;20470078	PubChem:(20470077 20470078)	2
41	1	N/A	-76.43466198134885	C18H30O3S	[M - H]-	SRIYDGQCJPZPPK	InChI=1S/C18H30O3S/c1-13(2)10-14(3)11-15(4)12-16(5)17-6-8-18(9-7-17)22(19,20)21/h6-9,13-16H,10-12H2,1-5H3,(H,19,20,21)	4-(4,6,8-trimethylnonan-2-yl)benzenesulfonate	CC(C)CC(C)CC(C)CC(C)C1=CC=C(C=C1)S(=O)(=O)O	5.80000019	14151435;20756314	PubChem:(14151435 20756314);NORMAN:(NS00066295)	262146
42	1	N/A	-77.10344722666785	C18H30O3S	[M - H]-	ISDRJIZDXXQNSD	InChI=1S/C18H30O3S/c1-2-3-4-5-6-7-8-9-10-11-12-17-13-15-18(16-14-17)21-22(19)20/h13-16H,2-12H2,1H3,(H,19,20)	(4-dodecylphenyl) hydrogen sulfite	CCCCCCCCCCCCC1=CC=C(C=C1)OS(=O)O	7.5999999	20722268;57070567	PubChem:(20722268 57070567)	2
43	1	N/A	-77.26143260274334	C18H30O3S	[M - H]-	NLIZZNXFRGDAMS	InChI=1S/C18H30O3S/c1-16(2)10-8-6-4-3-5-7-9-11-17-12-14-18(15-13-17)22(19,20)21/h12-16H,3-11H2,1-2H3,(H,19,20,21)	C12 Branched alkylbenzenesulfonic acid	CC(C)CCCCCCCCCC1=CC=C(C=C1)S(=O)(=O)O	6.07393789	110200;123644294	PubChem:(110200 123644294)	2
44	1	N/A	-79.39792994563602	C18H30O3S	[M - H]-	XKPVNCVVPSNOED	InChI=1S/C18H30O3S/c1-2-3-4-7-12-17(18-13-8-5-9-14-18)15-10-6-11-16-22(19,20)21/h5,8-9,13-14,17H,2-4,6-7,10-12,15-16H2,1H3,(H,19,20,21)	null	CCCCCCC(CCCCCS(=O)(=O)O)C1=CC=CC=C1	5.9000001	100958077;100958078	PubChem:(100958077 100958078)	2
45	1	N/A	-80.83402719576974	C18H30O3S	[M - H]-	GMUKRCHDHUSJEN	InChI=1S/C18H30O3S/c1-2-3-4-5-9-15-18(22(19,20)21)16-11-10-14-17-12-7-6-8-13-17/h6-8,12-13,18H,2-5,9-11,14-16H2,1H3,(H,19,20,21)	null	CCCCCCCC(CCCCC1=CC=CC=C1)S(=O)(=O)O	5.80000019	88494613	PubChem:(88494613)	2
46	1	N/A	-81.09861435328258	C18H30O3S	[M - H]-	DCWCJICAQFXVGN	InChI=1S/C18H30O3S/c1-3-4-5-6-7-8-9-10-11-14-17-15-12-13-16-18(17)22(19,20)21-2/h12-13,15-16H,3-11,14H2,1-2H3	null	CCCCCCCCCCCC1=CC=CC=C1S(=O)(=O)OC	6.9000001	56988005	PubChem:(56988005)	2
47	1	N/A	-82.43583851392295	C18H30O3S	[M - H]-	SYNVQASQYAMPQE	InChI=1S/C18H30O3S/c1-3-4-5-6-7-8-9-10-11-16-21-22(19,20)18-14-12-17(2)13-15-18/h12-15H,3-11,16H2,1-2H3	undecyl 4-methylbenzenesulfonate	CCCCCCCCCCCOS(=O)(=O)C1=CC=C(C=C1)C	6.10993147	10735075;10782535;15576061	PubChem:(10735075 10782535 15576061)	2
48	1	N/A	-83.09092561547364	C18H30O3S	[M - H]-	JZBJHBZAFGJXGW	InChI=1S/C18H30O3S/c1-3-5-7-9-13-16(12-8-6-4-2)17-14-10-11-15-18(17)22(19,20)21/h10-11,14-16H,3-9,12-13H2,1-2H3,(H,19,20,21)	Benzenesulfonic acid, (1-pentylheptyl)-	CCCCCCC(CCCCC)C1=CC=CC=C1S(=O)(=O)O	6.69999981	15153161	PubChem:(15153161)	2
49	1	N/A	-83.11351768271591	C18H30O3S	[M - H]-	JLEWXDVXIZBABF	InChI=1S/C18H30O3S/c1-3-5-7-8-9-10-11-17-12-14-18(15-13-17)22(19,20)21-16-6-4-2/h12-15H,3-11,16H2,1-2H3	null	CCCCCCCCC1=CC=C(C=C1)S(=O)(=O)OCCCC	6.5	15038713	PubChem:(15038713)	2
50	1	N/A	-83.1605594279075	C18H30O3S	[M - H]-	VODAQNCVBPNARJ	InChI=1S/C18H30O3S/c1-15(2)9-7-5-4-6-8-10-16(3)17-11-13-18(14-12-17)22(19,20)21/h11-16H,4-10H2,1-3H3,(H,19,20,21)	null	CC(C)CCCCCCCC(C)C1=CC=C(C=C1)S(=O)(=O)O	6.4000001	102533230	PubChem:(102533230)	2
51	1	N/A	-83.92616011302368	C18H30O3S	[M - H]-	KBZMQHBLLKHKHM	InChI=1S/C18H30O3S/c1-2-3-4-5-6-7-8-12-15-18(22(19,20)21)16-17-13-10-9-11-14-17/h9-11,13-14,18H,2-8,12,15-16H2,1H3,(H,19,20,21)	null	CCCCCCCCCCC(CC1=CC=CC=C1)S(=O)(=O)O	6.19999981	88315463	PubChem:(88315463)	2
52	1	N/A	-86.43004747607623	C18H30O3S	[M - H]-	QQNCGDSCSKCGBS	InChI=1S/C18H30O3S/c1-3-5-6-7-8-9-10-11-16-12-14-17(15-13-16)18(4-2)22(19,20)21/h12-15,18H,3-11H2,1-2H3,(H,19,20,21)	null	CCCCCCCCCC1=CC=C(C=C1)C(CC)S(=O)(=O)O	6.0999999	91515555	PubChem:(91515555)	2
53	1	N/A	-86.43555318821485	C18H30O3S	[M - H]-	XOLGQDAHGAYQGU	InChI=1S/C18H30O3S/c1-3-5-6-7-8-12-16-18(15-4-2,22(19,20)21)17-13-10-9-11-14-17/h9-11,13-14H,3-8,12,15-16H2,1-2H3,(H,19,20,21)	null	CCCCCCCCC(CCC)(C1=CC=CC=C1)S(=O)(=O)O	5.69999981	88201574	PubChem:(88201574)	2
54	1	N/A	-86.88929088525619	C18H30O3S	[M - H]-	VVYJVVRJBGMAAX	InChI=1S/C18H30O3S/c19-22(20,21)17-13-8-6-4-2-1-3-5-7-10-14-18-15-11-9-12-16-18/h9,11-12,15-16H,1-8,10,13-14,17H2,(H,19,20,21)	12-phenyldodecane-1-sulfonate	C1=CC=C(C=C1)CCCCCCCCCCCCS(=O)(=O)O	6.0999999	11723931;13743275	PubChem:(11723931 13743275)	2
55	1	N/A	-88.9969616264447	C18H30O3S	[M - H]-	YEJUYZRXQFFYBA	InChI=1S/C18H30O3S/c1-2-3-4-5-6-7-8-10-15-18(16-22(19,20)21)17-13-11-9-12-14-17/h9,11-14,18H,2-8,10,15-16H2,1H3,(H,19,20,21)	2-phenyldodecane-1-sulfonate	CCCCCCCCCCC(CS(=O)(=O)O)C1=CC=CC=C1	6.0999999	19907008;19907009	PubChem:(19907008 19907009)	2
56	1	N/A	-89.17085974512088	C18H30O3S	[M - H]-	IMRAQEPVUVPOHG	InChI=1S/C18H30O3S/c1-6-18(15(5)12-14(4)11-13(2)3)16-7-9-17(10-8-16)22(19,20)21/h7-10,13-15,18H,6,11-12H2,1-5H3,(H,19,20,21)	Benzenesulfonic acid, mono-C11-13-branched alkyl derivs.	CCC(C1=CC=C(C=C1)S(=O)(=O)O)C(C)CC(C)CC(C)C	5.80000019	24180689	PubChem:(24180689);PubChem class - safety and toxic	67108866
57	1	N/A	-90.11190590401077	C18H30O3S	[M - H]-	BHFNIZSNONRUTI	InChI=1S/C18H30O3S/c1-3-5-6-7-8-9-13-16-18(4-2,22(19,20)21)17-14-11-10-12-15-17/h10-12,14-15H,3-9,13,16H2,1-2H3,(H,19,20,21)	null	CCCCCCCCCC(CC)(C1=CC=CC=C1)S(=O)(=O)O	5.9000001	88202257	PubChem:(88202257)	2
58	1	N/A	-90.7193333057608	C18H30O3S	[M - H]-	YRIUSKIDOIARQF	InChI=1S/C18H30O3S/c1-2-3-4-5-6-7-8-9-10-14-17-21-22(19,20)18-15-12-11-13-16-18/h11-13,15-16H,2-10,14,17H2,1H3	1-(benzenesulfonyloxy)dodecane	CCCCCCCCCCCCOS(=O)(=O)C1=CC=CC=C1	6.80000019	15900	NORMAN:(NS00040801);PubChem:(15900);PubMed	262210
59	1	N/A	-91.88694774948713	C18H30O3S	[M - H]-	KXJCTUZHSGORSJ	InChI=1S/C18H30O3S/c1-16(2)12-8-6-4-3-5-7-9-13-17-14-10-11-15-18(17)22(19,20)21/h10-11,14-16H,3-9,12-13H2,1-2H3,(H,19,20,21)	Benzenesulfonic acid, isododecyl-	CC(C)CCCCCCCCCC1=CC=CC=C1S(=O)(=O)O	6.5999999	14767697	PubChem:(14767697)	2
60	1	N/A	-93.55856715422199	C18H30O3S	[M - H]-	FMJHPRMWHCVKRX	InChI=1S/C18H30O3S/c1-13(2)11-17(14(3)12-18(4,5)6)15-7-9-16(10-8-15)22(19,20)21/h7-10,13-14,17H,11-12H2,1-6H3,(H,19,20,21)	null	CC(C)CC(C1=CC=C(C=C1)S(=O)(=O)O)C(C)CC(C)(C)C	5.69999981	44153953	PubChem:(44153953)	2
61	1	N/A	-94.92226520436203	C18H30O3S	[M - H]-	BNDXOSUSWYDPPD	InChI=1S/C18H30O3S/c1-2-3-4-5-6-7-8-9-10-11-13-17-14-12-15-18(16-17)21-22(19)20/h12,14-16H,2-11,13H2,1H3,(H,19,20)	null	CCCCCCCCCCCCC1=CC(=CC=C1)OS(=O)O	7.5999999	9840318;9840319	PubChem:(9840318 9840319)	2
62	1	N/A	-95.22559579638357	C18H30O3S	[M - H]-	KDEVAJXEQMWCLP	InChI=1S/C18H30O3S/c1-4-7-15(3)9-6-10-16(8-5-2)17-11-13-18(14-12-17)22(19,20)21/h11-16H,4-10H2,1-3H3,(H,19,20,21)	null	CCCC(C)CCCC(CCC)C1=CC=C(C=C1)S(=O)(=O)O	6.4000001	100942734	PubChem:(100942734)	2
63	1	N/A	-97.77873639964363	C18H30O3S	[M - H]-	PFQZUFKWAMWHAQ	InChI=1S/C18H30O3S/c1-17(2,3)13-7-8-16(18(4,5)6)14-9-11-15(12-10-14)22(19,20)21/h9-12,16H,7-8,13H2,1-6H3,(H,19,20,21)	null	CC(C)(C)CCCC(C1=CC=C(C=C1)S(=O)(=O)O)C(C)(C)C	5.80000019	89136615	PubChem:(89136615)	2
64	1	N/A	-98.22869775637838	C18H30O3S	[M - H]-	LVHRXTPVTFWKLO	InChI=1S/C18H30O3S/c1-7-17(3,4)13-16(18(5,6)8-2)14-9-11-15(12-10-14)22(19,20)21/h9-12,16H,7-8,13H2,1-6H3,(H,19,20,21)	null	CCC(C)(C)CC(C1=CC=C(C=C1)S(=O)(=O)O)C(C)(C)CC	5.80000019	89321605	PubChem:(89321605)	2
65	1	N/A	-98.33711455164834	C18H30O3S	[M - H]-	SILFNQVVFSWXGY	InChI=1S/C18H30O3S/c1-3-5-6-7-8-9-10-11-17-12-14-18(15-13-17)21-22(19,20)16-4-2/h12-15H,3-11,16H2,1-2H3	null	CCCCCCCCCC1=CC=C(C=C1)OS(=O)(=O)CCC	6.9000001	57229108	PubChem:(57229108)	2
66	1	N/A	-99.23685110362912	C18H30O3S	[M - H]-	XPQOEOAEOZRAIS	InChI=1S/C18H30O3S/c1-3-5-7-9-11-16-13-14-17(12-10-8-6-4-2)18(15-16)22(19,20)21/h13-15H,3-12H2,1-2H3,(H,19,20,21)	null	CCCCCCC1=CC(=C(C=C1)CCCCCC)S(=O)(=O)O	6.5999999	117776888	PubChem:(117776888)	2
67	1	N/A	-99.3648705313864	C18H30O3S	[M - H]-	VSFSLMPEFAATIN	InChI=1S/C18H30O3S/c1-6-7-14(4)18(15(5)12-13(2)3)16-8-10-17(11-9-16)22(19,20)21/h8-11,13-15,18H,6-7,12H2,1-5H3,(H,19,20,21)	null	CCCC(C)C(C1=CC=C(C=C1)S(=O)(=O)O)C(C)CC(C)C	5.80000019	138394876	PubChem:(138394876)	2
68	1	N/A	-100.4791875990155	C18H30O3S	[M - H]-	UXOMIIYEIKVQPI	InChI=1S/C18H30O3S/c1-2-3-4-5-6-7-8-9-10-11-12-17-13-15-18(16-14-17)22-21-20-19/h13-16,19H,2-12H2,1H3	1-dodecyl-4-oxidoperoxysulfanylbenzene	CCCCCCCCCCCCC1=CC=C(C=C1)SOOO	7.80000019	20743304;60105488	PubChem:(20743304 60105488)	2
69	1	N/A	-100.78327869212659	C18H30O3S	[M - H]-	PPZPEEWADVBMJO	InChI=1S/C18H30O3S/c1-13(2)18(6,7)12-16(17(3,4)5)14-8-10-15(11-9-14)22(19,20)21/h8-11,13,16H,12H2,1-7H3,(H,19,20,21)	null	CC(C)C(C)(C)CC(C1=CC=C(C=C1)S(=O)(=O)O)C(C)(C)C	5.5	138527227	PubChem:(138527227)	2
70	1	N/A	-101.12448595319651	C18H30O3S	[M - H]-	RFOXMBIEHOGHDJ	InChI=1S/C18H30O3S/c1-13(2)11-18(6,12-15(5)14(3)4)16-7-9-17(10-8-16)22(19,20)21/h7-10,13-15H,11-12H2,1-6H3,(H,19,20,21)	null	CC(C)CC(C)(CC(C)C(C)C)C1=CC=C(C=C1)S(=O)(=O)O	5.80000019	134371479	PubChem:(134371479)	2
71	1	N/A	-104.90583974336211	C18H30O3S	[M - H]-	NKAZPHZLBJYJPR	InChI=1S/C18H30O3S/c1-13(2)11-14(3)12-18(5,6)15(4)16-7-9-17(10-8-16)22(19,20)21/h7-10,13-15H,11-12H2,1-6H3,(H,19,20,21)	null	CC(C)CC(C)CC(C)(C)C(C)C1=CC=C(C=C1)S(=O)(=O)O	5.69999981	91508236	PubChem:(91508236)	2
72	1	N/A	-105.61839991072999	C18H30O3S	[M - H]-	RBWOSXUZVCBVEA	InChI=1S/C18H30O3S/c1-2-3-4-5-6-7-8-9-10-11-14-17-15-12-13-16-18(17)21-22(19)20/h12-13,15-16H,2-11,14H2,1H3,(H,19,20)	null	CCCCCCCCCCCCC1=CC=CC=C1OS(=O)O	7.5999999	57236567;57236568	PubChem:(57236567 57236568)	2
73	1	N/A	-105.90363743932016	C18H30O3S	[M - H]-	WQBWCYZZHOPYIQ	InChI=1S/C18H30O3S/c1-4-6-7-8-9-11-16(10-5-2)17-12-14-18(15-13-17)22(19,20)21-3/h12-16H,4-11H2,1-3H3	null	CCCCCCCC(CCC)C1=CC=C(C=C1)S(=O)(=O)OC	6.69999981	14299430	PubChem:(14299430)	2
74	1	N/A	-106.08855473926988	C18H30O3S	[M - H]-	ROTHMYQBJHDATJ	InChI=1S/C18H30O3S/c1-4-6-7-8-9-10-11-16(5-2)17-12-14-18(15-13-17)22(19,20)21-3/h12-16H,4-11H2,1-3H3	null	CCCCCCCCC(CC)C1=CC=C(C=C1)S(=O)(=O)OC	6.69999981	14299431	PubChem:(14299431)	2
75	1	N/A	-107.30688892308265	C18H30O3S	[M - H]-	SWIAHOJPRFVJEJ	InChI=1S/C18H30O3S/c1-4-5-13-17-16(11-8-6-7-10-15(2)3)12-9-14-18(17)22(19,20)21/h9,12,14-15H,4-8,10-11,13H2,1-3H3,(H,19,20,21)	2-butyl-3-(6-methylheptyl)benzenesulfonic acid	CCCCC1=C(C=CC=C1S(=O)(=O)O)CCCCCC(C)C	6.30000019	20152982	PubChem:(20152982)	2
76	1	N/A	-108.2502491322368	C18H30O3S	[M - H]-	FFBVDAVTEKVAFP	InChI=1S/C18H30O3S/c1-3-5-6-7-8-10-14-17(13-4-2)21-22(19,20)18-15-11-9-12-16-18/h9,11-12,15-17H,3-8,10,13-14H2,1-2H3	null	CCCCCCCCC(CCC)OS(=O)(=O)C1=CC=CC=C1	6.5	57029731	PubChem:(57029731)	2
77	1	N/A	-108.38348697507122	C18H30O3S	[M - H]-	ZEOWQDNMFYNZFN	InChI=1S/C18H30O3S/c1-5-6-7-8-12-15-18(17(2,3)4,22(19,20)21)16-13-10-9-11-14-16/h9-11,13-14H,5-8,12,15H2,1-4H3,(H,19,20,21)	null	CCCCCCCC(C1=CC=CC=C1)(C(C)(C)C)S(=O)(=O)O	5.5999999	88202120	PubChem:(88202120)	2
78	1	N/A	-108.77194388187652	C18H30O3S	[M - H]-	CQUFOPYREIVSKK	InChI=1S/C18H30O3S/c1-14(2)13-15(3)9-5-6-10-16(4)17-11-7-8-12-18(17)22(19,20)21/h7-8,11-12,14-16H,5-6,9-10,13H2,1-4H3,(H,19,20,21)	null	CC(C)CC(C)CCCCC(C)C1=CC=CC=C1S(=O)(=O)O	6.0999999	21707277	PubChem:(21707277)	2
79	1	N/A	-111.07437358298479	C18H30O3S	[M - H]-	BQCKJMQEPAPGMR	InChI=1S/C18H30O3S/c1-3-5-7-8-10-14-17(13-6-4-2)21-22(19,20)18-15-11-9-12-16-18/h9,11-12,15-17H,3-8,10,13-14H2,1-2H3	null	CCCCCCCC(CCCC)OS(=O)(=O)C1=CC=CC=C1	6.5	53695315	PubChem:(53695315)	2
80	1	N/A	-111.19023299479367	C18H30O3S	[M - H]-	RGAKRGIRMXFGMG	InChI=1S/C18H30O3S/c1-13(2)10-14(3)11-15(4)12-16(5)17-8-6-7-9-18(17)22(19,20)21/h6-9,13-16H,10-12H2,1-5H3,(H,19,20,21)	2-(4,6,8-trimethylnonan-2-yl)benzenesulfonate	CC(C)CC(C)CC(C)CC(C)C1=CC=CC=C1S(=O)(=O)O	5.80000019	3015216;23369158	PubChem:(3015216 23369158);NORMAN:(NS00049677)	262146
81	1	N/A	-111.70517856768119	C18H30O3S	[M - H]-	QDOGJNJBVBKVOO	InChI=1S/C18H30O3S/c1-3-5-6-7-8-9-10-13-16-14-11-12-15-17(16)18(4-2)22(19,20)21/h11-12,14-15,18H,3-10,13H2,1-2H3,(H,19,20,21)	null	CCCCCCCCCC1=CC=CC=C1C(CC)S(=O)(=O)O	6.0999999	18944642	PubChem:(18944642)	2
82	1	N/A	-114.00229727164981	C18H30O3S	[M - H]-	APCTYQARZLLBLU	InChI=1S/C18H30O3S/c1-4-6-8-9-11-16(10-7-5-2)17-12-14-18(15-13-17)22(19,20)21-3/h12-16H,4-11H2,1-3H3	null	CCCCCCC(CCCC)C1=CC=C(C=C1)S(=O)(=O)OC	6.69999981	14299429	PubChem:(14299429)	2
83	1	N/A	-114.71014115347681	C18H30O3S	[M - H]-	KKBYAQXJYMWYBR	InChI=1S/C18H30O3S/c1-2-3-4-5-6-7-8-9-10-14-17-22(19,20)21-18-15-12-11-13-16-18/h11-13,15-16H,2-10,14,17H2,1H3	null	CCCCCCCCCCCCS(=O)(=O)OC1=CC=CC=C1	7.0	53998862	PubChem:(53998862);PubMed	66
84	1	N/A	-114.89922535954521	C18H30O3S	[M - H]-	HYEAXJSOXPIZMH	InChI=1S/C18H30O3S/c1-16(2,3)12-10-11-13(22(19,20)21)15(18(7,8)9)14(12)17(4,5)6/h10-11H,1-9H3,(H,19,20,21)	null	CC(C)(C)C1=C(C(=C(C=C1)S(=O)(=O)O)C(C)(C)C)C(C)(C)C	5.69999981	87384989	PubChem:(87384989)	2
85	1	N/A	-118.79148303191205	C18H30O3S	[M - H]-	OHLSGVWDNXTRKA	InChI=1S/C18H30O3S/c1-3-4-5-6-7-8-9-11-14-17(2)21-22(19,20)18-15-12-10-13-16-18/h10,12-13,15-17H,3-9,11,14H2,1-2H3	null	CCCCCCCCCCC(C)OS(=O)(=O)C1=CC=CC=C1	6.69999981	57125654	PubChem:(57125654)	2
86	1	N/A	-119.09391492938438	C18H30O3S	[M - H]-	QRKTVBMMZRDOKY	InChI=1S/C18H30O3S/c1-13(2)11-14(3)12-15(4)18(5,6)16-9-7-8-10-17(16)22(19,20)21/h7-10,13-15H,11-12H2,1-6H3,(H,19,20,21)	null	CC(C)CC(C)CC(C)C(C)(C)C1=CC=CC=C1S(=O)(=O)O	5.80000019	44145098	PubChem:(44145098)	2
87	1	N/A	-119.73871974356841	C18H30O3S	[M - H]-	PAZOSRDSLRXYFE	InChI=1S/C18H30O3S/c1-3-4-5-6-7-8-9-10-11-17-12-14-18(15-13-17)16-21-22(2,19)20/h12-15H,3-11,16H2,1-2H3	(4-decylphenyl)methyl methanesulfonate	CCCCCCCCCCC1=CC=C(C=C1)COS(=O)(=O)C	6.30000019	13079704	PubChem:(13079704)	2
88	1	N/A	-119.75161519196607	C18H30O3S	[M - H]-	PKDYEAVTLKOWCX	InChI=1S/C18H30O3S/c1-13(2)9-14(3)10-15(4)11-16(5)17-7-6-8-18(12-17)22(19,20)21/h6-8,12-16H,9-11H2,1-5H3,(H,19,20,21)	null	CC(C)CC(C)CC(C)CC(C)C1=CC(=CC=C1)S(=O)(=O)O	5.41522312	73557346	PubChem:(73557346)	2
89	1	N/A	-120.96104445892982	C18H30O3S	[M - H]-	KQRNXMMMYRMZTP	InChI=1S/C18H30O3S/c1-17(2,3)16-10-8-15(9-11-16)14-18(4,5)12-6-7-13-22(19,20)21/h8-11H,6-7,12-14H2,1-5H3,(H,19,20,21)	null	CC(C)(C)C1=CC=C(C=C1)CC(C)(C)CCCCS(=O)(=O)O	5.19999981	58052796	PubChem:(58052796)	2
90	1	N/A	-121.87093532652725	C18H30O3S	[M - H]-	OQMMQNYMLUBLFS	InChI=1S/C18H30O3S/c1-4-7-16(8-5-2)17-12-10-15(11-13-17)14-18(9-6-3)22(19,20)21/h10-13,16,18H,4-9,14H2,1-3H3,(H,19,20,21)	null	CCCC(CCC)C1=CC=C(C=C1)CC(CCC)S(=O)(=O)O	5.69999981	54164174	PubChem:(54164174)	2
91	1	N/A	-123.58088133213883	C18H30O3S	[M - H]-	KWZGAVBMRCQJTG	InChI=1S/C18H30O3S/c1-5-6-14(2)11-15(3)12-16(4)13-17-7-9-18(10-8-17)22(19,20)21/h7-10,14-16H,5-6,11-13H2,1-4H3,(H,19,20,21)	null	CCCC(C)CC(C)CC(C)CC1=CC=C(C=C1)S(=O)(=O)O	6.0	71301019	PubChem:(71301019)	2
92	1	N/A	-126.85206723571048	C18H30O3S	[M - H]-	RANKLCAQOQMQNA	InChI=1S/C18H30O3S/c1-3-5-6-7-8-9-10-13-17-14-11-12-15-18(17)21-22(19,20)16-4-2/h11-12,14-15H,3-10,13,16H2,1-2H3	null	CCCCCCCCCC1=CC=CC=C1OS(=O)(=O)CCC	6.9000001	19906864	PubChem:(19906864)	2
93	1	N/A	-127.78524138112199	C18H30O3S	[M - H]-	BKWPYYSCPLJPEJ	InChI=1S/C18H30O3S/c1-3-5-6-7-8-10-13-17(4-2)16-21-22(19,20)18-14-11-9-12-15-18/h9,11-12,14-15,17H,3-8,10,13,16H2,1-2H3	null	CCCCCCCCC(CC)COS(=O)(=O)C1=CC=CC=C1	6.5	129727045	PubChem:(129727045)	2
94	1	N/A	-131.48023891441704	C18H30O3S	[M - H]-	SBNNWCXKFFKLMG	InChI=1S/C18H30O3S/c1-3-5-7-10-14-17(13-9-6-4-2)21-22(19,20)18-15-11-8-12-16-18/h8,11-12,15-17H,3-7,9-10,13-14H2,1-2H3	null	CCCCCCC(CCCCC)OS(=O)(=O)C1=CC=CC=C1	6.5	57206723	PubChem:(57206723);PubMed	66
95	1	N/A	-131.66740200498015	C18H30O3S	[M - H]-	FLIKKVYUYAADGM	InChI=1S/C18H30O3S/c1-16(2,3)12-10-13(17(4,5)6)15(22(19,20)21)14(11-12)18(7,8)9/h10-11H,1-9H3,(H,19,20,21)	null	CC(C)(C)C1=CC(=C(C(=C1)C(C)(C)C)S(=O)(=O)O)C(C)(C)C	5.69999981	58372383;58372384	PubChem:(58372383 58372384)	2
96	1	N/A	-132.15741829859792	C18H30O3S	[M - H]-	ISMNVXMBFPIJAW	InChI=1S/C18H30O3S/c1-4-6-7-8-9-10-17(5-2)15-21-22(19,20)18-13-11-16(3)12-14-18/h11-14,17H,4-10,15H2,1-3H3	null	CCCCCCCC(CC)COS(=O)(=O)C1=CC=C(C=C1)C	6.30000019	87524330	PubChem:(87524330)	2
97	1	N/A	-132.57312312121152	C18H30O3S	[M - H]-	UKZDUVGIOPLDAH	InChI=1S/C18H30O3S/c1-4-7-10-15-13-14-18(22(19,20)21)17(12-9-6-3)16(15)11-8-5-2/h13-14H,4-12H2,1-3H3,(H,19,20,21)	null	CCCCC1=C(C(=C(C=C1)S(=O)(=O)O)CCCC)CCCC	6.30000019	122612621	PubChem:(122612621)	2
98	1	N/A	-135.09515091482157	C18H30O3S	[M - H]-	NRBQYBRADFXISA	InChI=1S/C18H30O3S/c1-2-3-4-5-6-7-8-9-10-11-16-21-17-12-14-18(15-13-17)22(19)20/h12-15H,2-11,16H2,1H3,(H,19,20)	4-dodecoxybenzenesulfinate	CCCCCCCCCCCCOC1=CC=C(C=C1)S(=O)O	5.81438684	11325518;19065728	PubChem:(11325518 19065728)	2
99	1	N/A	-135.3267027582754	C18H30O3S	[M - H]-	LWHORPJLMWZNGJ	InChI=1S/C18H30O3S/c1-4-5-6-7-8-9-13-16-18(2,3)21-22(19,20)17-14-11-10-12-15-17/h10-12,14-15H,4-9,13,16H2,1-3H3	null	CCCCCCCCCC(C)(C)OS(=O)(=O)C1=CC=CC=C1	6.30000019	91125722	PubChem:(91125722)	2
100	1	N/A	-138.24324475165778	C18H30O3S	[M - H]-	JTTXQRYATVLZQI	InChI=1S/C18H30O3S/c1-3-5-6-7-8-12-16-18(13-4-2)22(19,20)21-17-14-10-9-11-15-17/h9-11,14-15,18H,3-8,12-13,16H2,1-2H3	null	CCCCCCCCC(CCC)S(=O)(=O)OC1=CC=CC=C1	6.69999981	57065024	PubChem:(57065024)	2
101	1	N/A	-138.25396726775085	C18H30O3S	[M - H]-	ITBACJGGOMILFE	InChI=1S/C18H30O3S/c1-3-5-6-7-8-9-13-16-18(4-2)22(19,20)21-17-14-11-10-12-15-17/h10-12,14-15,18H,3-9,13,16H2,1-2H3	null	CCCCCCCCCC(CC)S(=O)(=O)OC1=CC=CC=C1	6.9000001	91212232	PubChem:(91212232)	2
102	1	N/A	-138.287781064732	C18H30O3S	[M - H]-	HPDKEZSTJGADIS	InChI=1S/C18H30O3S/c1-12(2)9-15-7-8-18(22(19,20)21)17(11-14(5)6)16(15)10-13(3)4/h7-8,12-14H,9-11H2,1-6H3,(H,19,20,21)	2,3,4-tris(2-methylpropyl)benzenesulfonate	CC(C)CC1=C(C(=C(C=C1)S(=O)(=O)O)CC(C)C)CC(C)C	5.4000001	18365714;21951412	PubChem:(18365714 21951412)	2
103	1	N/A	-138.3566831353491	C18H30O3S	[M - H]-	ZIFZLFATHKBKMX	InChI=1S/C18H30O3S/c1-6-14(3)15(4)12-13-18(5,7-2)16-8-10-17(11-9-16)22(19,20)21/h8-11,14-15H,6-7,12-13H2,1-5H3,(H,19,20,21)	4-(3,6,7-trimethylnonan-3-yl)benzenesulfonate	CCC(C)C(C)CCC(C)(CC)C1=CC=C(C=C1)S(=O)(=O)O	6.0999999	59294719;59294720	PubChem:(59294719 59294720)	2
104	1	N/A	-138.3796068628628	C18H30O3S	[M - H]-	MZQKADNPDLDGJD	InChI=1S/C18H30O3S/c1-5-9-14-13-18(22(19,20)21)17(12-8-4)16(11-7-3)15(14)10-6-2/h13H,5-12H2,1-4H3,(H,19,20,21)	ACMC-20mwjm	CCCC1=CC(=C(C(=C1CCC)CCC)CCC)S(=O)(=O)O	6.0	178392	PubChem:(178392)	2
105	1	N/A	-140.68773381376792	C18H30O3S	[M - H]-	QSMMZAAGXBBZMF	InChI=1S/C18H30O3S/c1-4-5-6-7-9-16(2)10-8-15-21-22(19,20)18-13-11-17(3)12-14-18/h11-14,16H,4-10,15H2,1-3H3	null	CCCCCCC(C)CCCOS(=O)(=O)C1=CC=C(C=C1)C	6.30000019	56969308	PubChem:(56969308)	2
106	1	N/A	-140.99126516555373	C18H30O3S	[M - H]-	HADLPOZKIZGZSR	InChI=1S/C18H30O3S/c1-5-6-7-8-9-10-15-22(19,20)21-17-13-11-16(12-14-17)18(2,3)4/h11-14H,5-10,15H2,1-4H3	(4-tert-butylphenyl) octane-1-sulfonate	CCCCCCCCS(=O)(=O)OC1=CC=C(C=C1)C(C)(C)C	6.5999999	22593398	PubChem:(22593398)	2
107	1	N/A	-141.06736920240564	C18H30O3S	[M - H]-	SLFXGWYQIRVGKQ	InChI=1S/C18H30O3S/c1-3-5-7-8-12-16-18(15-6-4-2)22(19,20)21-17-13-10-9-11-14-17/h9-11,13-14,18H,3-8,12,15-16H2,1-2H3	null	CCCCCCCC(CCCC)S(=O)(=O)OC1=CC=CC=C1	6.69999981	90759617	PubChem:(90759617)	2
108	1	N/A	-141.16830258732327	C18H30O3S	[M - H]-	QIKHZADUHCNEEO	InChI=1S/C18H30O3S/c1-4-5-6-7-8-9-10-17(3)15-21-22(19,20)18-13-11-16(2)12-14-18/h11-14,17H,4-10,15H2,1-3H3	[(2R)-2-methyldecyl] 4-methylbenzenesulfonate	CCCCCCCCC(C)COS(=O)(=O)C1=CC=C(C=C1)C	6.5	11645565;73040598	PubChem:(11645565 73040598)	2
109	1	N/A	-142.26018758643607	C18H30O3S	[M - H]-	SRTFUFDFHHBMLJ	InChI=1S/C18H30O3S/c1-5-6-7-8-9-14-17(22(19,20)21)15-12-10-11-13-16(15)18(2,3)4/h10-13,17H,5-9,14H2,1-4H3,(H,19,20,21)	null	CCCCCCCC(C1=CC=CC=C1C(C)(C)C)S(=O)(=O)O	5.69999981	18944597	PubChem:(18944597)	2
110	1	N/A	-143.42116381402627	C18H30O3S	[M - H]-	GYFNVSXNKPVGDS	InChI=1S/C18H30O3S/c1-3-4-5-6-7-8-9-11-14-17(2)22(19,20)21-18-15-12-10-13-16-18/h10,12-13,15-17H,3-9,11,14H2,1-2H3	null	CCCCCCCCCCC(C)S(=O)(=O)OC1=CC=CC=C1	6.9000001	89415065	PubChem:(89415065)	2
111	1	N/A	-144.04590409730596	C18H30O3S	[M - H]-	GYJGXXOTJSTLFP	InChI=1S/C18H30O3S/c1-22(19,20)21-17-13-8-6-4-2-3-5-7-10-14-18-15-11-9-12-16-18/h9,11-12,15-16H,2-8,10,13-14,17H2,1H3	11-phenylundecyl methanesulfonate	CS(=O)(=O)OCCCCCCCCCCCC1=CC=CC=C1	6.0999999	13079699	PubChem:(13079699)	2
112	1	N/A	-147.47382307091775	C18H30O3S	[M - H]-	OSAJMVSRQPOGEE	InChI=1S/C18H30O3S/c1-2-3-4-5-6-7-8-9-10-11-12-17-13-15-18(16-14-17)22(19,20)21/h12-16H,2-11H2,1H3,(H2,19,20,21)	null	CCCCCCCCCCCC=C1C=CC(=S(=O)(O)O)C=C1	5.4000001	91466438	PubChem:(91466438)	2
113	1	N/A	-148.37423696067276	C18H30O3S	[M - H]-	BSFVWHHMWQHMAY	InChI=1S/C18H30O3S/c1-5-8-15(2)9-6-7-10-16(3)17-11-13-18(14-12-17)22(19,20)21-4/h11-16H,5-10H2,1-4H3	null	CCCC(C)CCCCC(C)C1=CC=C(C=C1)S(=O)(=O)OC	6.4000001	23551146	PubChem:(23551146)	2
114	1	N/A	-148.63674630248127	C18H30O3S	[M - H]-	UUVRYCBNTSCMNV	InChI=1S/C18H30O3S/c1-4-7-10-15(9-6-3)17-13-12-16(11-8-5-2)18(14-17)22(19,20)21/h12-15H,4-11H2,1-3H3,(H,19,20,21)	null	CCCCC1=C(C=C(C=C1)C(CCC)CCCC)S(=O)(=O)O	6.4000001	92009795	PubChem:(92009795)	2
115	1	N/A	-151.65872558048923	C18H30O3S	[M - H]-	MNFLXKFEYHLGBK	InChI=1S/C18H30O3S/c1-3-4-5-6-7-8-9-17(14-15-19)22(20,21)18-12-10-16(2)11-13-18/h10-13,17,19H,3-9,14-15H2,1-2H3	null	CCCCCCCCC(CCO)S(=O)(=O)C1=CC=C(C=C1)C	5.19999981	9996512	PubChem:(9996512)	2
116	1	N/A	-151.7467799287298	C18H30O3S	[M - H]-	NDDVAVIZQOXERX	InChI=1S/C18H30O3S/c1-6-7-8-9-10-17(18(3,4)5)21-22(19,20)16-13-11-15(2)12-14-16/h11-14,17H,6-10H2,1-5H3	null	CCCCCCC(C(C)(C)C)OS(=O)(=O)C1=CC=C(C=C1)C	6.19999981	134886719	PubChem:(134886719)	2
117	1	N/A	-153.5674535764679	C18H30O3S	[M - H]-	SCWUAGNRRBOQCW	InChI=1S/C18H30O3S/c1-4-6-7-9-17(5-2)10-8-15-21-22(19,20)18-13-11-16(3)12-14-18/h11-14,17H,4-10,15H2,1-3H3	null	CCCCCC(CC)CCCOS(=O)(=O)C1=CC=C(C=C1)C	6.30000019	89077935	PubChem:(89077935)	2
118	1	N/A	-156.01891965108817	C18H30O3S	[M - H]-	WHFPASNOPIISTD	InChI=1S/C18H30O3S/c1-5-6-7-8-9-10-11-12-21-22(19,20)18-16(3)13-15(2)14-17(18)4/h13-14H,5-12H2,1-4H3	null	CCCCCCCCCOS(=O)(=O)C1=C(C=C(C=C1C)C)C	6.30000019	88328134	PubChem:(88328134)	2
119	1	N/A	-156.07037103185772	C18H30O3S	[M - H]-	IPLMVZPSBVLBLK	InChI=1S/C18H30O3S/c1-4-6-8-12-16-18(3,15-7-5-2)21-22(19,20)17-13-10-9-11-14-17/h9-11,13-14H,4-8,12,15-16H2,1-3H3	null	CCCCCCC(C)(CCCC)OS(=O)(=O)C1=CC=CC=C1	6.0999999	90852831	PubChem:(90852831)	2
120	1	N/A	-159.50708147377216	C18H30O3S	[M - H]-	VAOOQTXWIPHRAC	InChI=1S/C18H30O3S/c1-6-8-9-15(7-2)14-21-22(19,20)17-12-10-16(11-13-17)18(3,4)5/h10-13,15H,6-9,14H2,1-5H3	2-ethylhexyl 4-tert-butylbenzenesulfonate	CCCCC(CC)COS(=O)(=O)C1=CC=C(C=C1)C(C)(C)C	6.0	22436765	PubChem:(22436765)	2
121	1	N/A	-160.99770231650314	C18H30O3S	[M - H]-	UXPUDZAOUCDPQJ	InChI=1S/C18H30O3S/c1-2-3-4-5-6-7-8-9-10-11-16-22(20,21)18-14-12-17(19)13-15-18/h12-15,19H,2-11,16H2,1H3	4-dodecylsulfonylphenol	CCCCCCCCCCCCS(=O)(=O)C1=CC=C(C=C1)O	6.4000001	15596808	PubChem:(15596808)	2
122	1	N/A	-161.2534332072728	C18H30O3S	[M - H]-	CYZCKABXHRBNBK	InChI=1S/C18H30O3S/c1-4-5-9-16(2)10-7-6-8-15-21-22(19,20)18-13-11-17(3)12-14-18/h11-14,16H,4-10,15H2,1-3H3	6-methyldecyl 4-methylbenzenesulfonate	CCCCC(C)CCCCCOS(=O)(=O)C1=CC=C(C=C1)C	5.89035988	14365776	PubChem:(14365776)	2
123	1	N/A	-161.468014860942	C18H30O3S	[M - H]-	ZDYUKGMMGVPMQC	InChI=1S/C18H30O3S/c1-5-6-7-8-15(2)9-10-16(3)17-11-13-18(14-12-17)22(19,20)21-4/h11-16H,5-10H2,1-4H3	null	CCCCCC(C)CCC(C)C1=CC=C(C=C1)S(=O)(=O)OC	6.4000001	23551141	PubChem:(23551141)	2
124	1	N/A	-161.47323453383768	C18H30O3S	[M - H]-	KNNRIROKGJBHRQ	InChI=1S/C18H30O3S/c1-3-5-7-12-16-18(15-9-6-4-2)22(19,20)21-17-13-10-8-11-14-17/h8,10-11,13-14,18H,3-7,9,12,15-16H2,1-2H3	null	CCCCCCC(CCCCC)S(=O)(=O)OC1=CC=CC=C1	6.69999981	57185385	PubChem:(57185385)	2
125	1	N/A	-162.50878736122294	C18H30O3S	[M - H]-	YUAZSBNSGPQFEV	InChI=1S/C18H30O3S/c1-7-8-12-21-22(19,20)16-11-9-10-15(13-16)18(5,6)14-17(2,3)4/h9-11,13H,7-8,12,14H2,1-6H3	null	CCCCOS(=O)(=O)C1=CC=CC(=C1)C(C)(C)CC(C)(C)C	5.9000001	88635207	PubChem:(88635207)	2
126	1	N/A	-164.6332151637644	C18H30O3S	[M - H]-	FGNLYPIUWLWKRG	InChI=1S/C18H30O3S/c1-4-7-10-15-13-16(11-8-5-2)18(22(19,20)21)17(14-15)12-9-6-3/h13-14H,4-12H2,1-3H3,(H,19,20,21)	null	CCCCC1=CC(=C(C(=C1)CCCC)S(=O)(=O)O)CCCC	6.30000019	87315335	PubChem:(87315335)	2
127	1	N/A	-166.09055188096806	C18H30O3S	[M - H]-	WSVOPVYKOFCSBG	InChI=1S/C18H30O3S/c1-5-6-7-8-9-10-11-17(4)21-22(19,20)18-13-12-15(2)16(3)14-18/h12-14,17H,5-11H2,1-4H3	null	CCCCCCCCC(C)OS(=O)(=O)C1=CC(=C(C=C1)C)C	6.30000019	57045568	PubChem:(57045568)	2
128	1	N/A	-166.57292745934484	C18H30O3S	[M - H]-	SNUPPHSJKPQPDV	InChI=1S/C18H30O3S/c1-12(2)7-15-10-16(8-13(3)4)18(22(19,20)21)17(11-15)9-14(5)6/h10-14H,7-9H2,1-6H3,(H,19,20,21)	2,4,6-tris(2-methylpropyl)benzenesulfonic acid	CC(C)CC1=CC(=C(C(=C1)CC(C)C)S(=O)(=O)O)CC(C)C	5.4000001	22401652	PubChem:(22401652)	2
129	1	N/A	-166.82884611015754	C18H30O3S	[M - H]-	WKOYLLGDZIUECB	InChI=1S/C18H30O3S/c1-5-8-15(3)9-7-10-16(6-2)17-11-13-18(14-12-17)22(19,20)21-4/h11-16H,5-10H2,1-4H3	methyl 4-[(7S)-7-methyldecan-3-yl]benzenesulfonate	CCCC(C)CCCC(CC)C1=CC=C(C=C1)S(=O)(=O)OC	6.4000001	59032607;59032608	PubChem:(59032607 59032608)	2
130	1	N/A	-167.24863009767566	C18H30O3S	[M - H]-	CWENFIIMGJNSFP	InChI=1S/C18H30O3S/c1-15(2)14-16(3)10-8-9-11-17(4)21-22(19,20)18-12-6-5-7-13-18/h5-7,12-13,15-17H,8-11,14H2,1-4H3	null	CC(C)CC(C)CCCCC(C)OS(=O)(=O)C1=CC=CC=C1	6.0999999	88231224	PubChem:(88231224)	2
131	1	N/A	-167.9137480809113	C18H30O3S	[M - H]-	ZYUNINLRARAMGM	InChI=1S/C18H30O3S/c1-6-8-15(2)9-7-14-18(3,4)16-10-12-17(13-11-16)22(19,20)21-5/h10-13,15H,6-9,14H2,1-5H3	null	CCCC(C)CCCC(C)(C)C1=CC=C(C=C1)S(=O)(=O)OC	6.4000001	23551134	PubChem:(23551134)	2
132	1	N/A	-168.60660017503332	C18H30O3S	[M - H]-	UTMQQROFQLQDMQ	InChI=1S/C18H30O3S/c1-17-11-13-18(14-12-17)22(20,21)16-10-8-6-4-2-3-5-7-9-15-19/h11-14,19H,2-10,15-16H2,1H3	Ambcb7919556	CC1=CC=C(C=C1)S(=O)(=O)CCCCCCCCCCCO	5.0	2220278	PubChem:(2220278)	2
133	1	N/A	-169.75219865006366	C18H30O3S	[M - H]-	PVUNAQKRMCOVNL	InChI=1S/C18H30O3S/c1-4-11-17(13-8-5-7-12-16(2)3)21-22(19,20)18-14-9-6-10-15-18/h6,9-10,14-17H,4-5,7-8,11-13H2,1-3H3	null	CCCC(CCCCCC(C)C)OS(=O)(=O)C1=CC=CC=C1	6.19999981	54210796	PubChem:(54210796)	2
134	1	N/A	-170.61549393663046	C18H30O3S	[M - H]-	VQDHXVOPJSGGHH	InChI=1S/C18H30O3S/c1-13(2)10-14(3)11-15(4)12-16(5)17-6-8-18(9-7-17)22-21-20-19/h6-9,13-16,19H,10-12H2,1-5H3	1-oxidoperoxysulfanyl-4-(4,6,8-trimethylnonan-2-yl)benzene	CC(C)CC(C)CC(C)CC(C)C1=CC=C(C=C1)SOOO	6.80000019	22082207;22082208	PubChem:(22082207 22082208)	2
135	1	N/A	-171.50173309901453	C18H30O3S	[M - H]-	QXJDUSHBUFEOJT	InChI=1S/C18H30O3S/c1-4-7-9-11-16-13-17(12-10-8-5-2)15-18(14-16)21-22(19,20)6-3/h13-15H,4-12H2,1-3H3	null	CCCCCC1=CC(=CC(=C1)OS(=O)(=O)CC)CCCCC	6.69999981	88574509	PubChem:(88574509)	2
136	1	N/A	-172.017662386218	C18H30O3S	[M - H]-	YUGDYIWBYHTUFR	InChI=1S/C18H30O3S/c1-17(2)13-9-6-4-3-5-7-12-16-21-22(19,20)18-14-10-8-11-15-18/h8,10-11,14-15,17H,3-7,9,12-13,16H2,1-2H3	10-methylundecyl benzenesulfonate	CC(C)CCCCCCCCCOS(=O)(=O)C1=CC=CC=C1	6.5	20468705	PubChem:(20468705)	2
137	1	N/A	-172.97684782982128	C18H30O3S	[M - H]-	GJAOLPWNQUYQOY	InChI=1S/C18H30O3S/c1-4-16(2)10-8-6-5-7-9-15-21-22(19,20)18-13-11-17(3)12-14-18/h11-14,16H,4-10,15H2,1-3H3	8-methyldecyl 4-methylbenzenesulfonate	CCC(C)CCCCCCCOS(=O)(=O)C1=CC=C(C=C1)C	6.30000019	19890273	PubChem:(19890273)	2
138	1	N/A	-175.0279645748298	C18H30O3S	[M - H]-	YRFAZSZVYUXZGG	InChI=1S/C18H30O3S/c1-4-5-6-7-8-9-16(2)18-12-10-17(11-13-18)14-15-21-22(3,19)20/h10-13,16H,4-9,14-15H2,1-3H3	null	CCCCCCCC(C)C1=CC=C(C=C1)CCOS(=O)(=O)C	6.0	89721842	PubChem:(89721842)	2
139	1	N/A	-181.3381357510666	C18H30O3S	[M - H]-	BJXJEEBFYVMRLA	InChI=1S/C18H30O3S/c1-6-8-16(9-7-14-18(3,4)5)21-22(19,20)17-12-10-15(2)11-13-17/h10-13,16H,6-9,14H2,1-5H3	null	CCCC(CCCC(C)(C)C)OS(=O)(=O)C1=CC=C(C=C1)C	5.9000001	89202598	PubChem:(89202598)	2
140	1	N/A	-184.62858002980076	C18H30O3S	[M - H]-	BXGXETZNJGVUOK	InChI=1S/C18H30O3S/c1-14(2)11-15(3)12-16(4)13-17(5)21-22(19,20)18-9-7-6-8-10-18/h6-10,14-17H,11-13H2,1-5H3	null	CC(C)CC(C)CC(C)CC(C)OS(=O)(=O)C1=CC=CC=C1	6.0	57132377	PubChem:(57132377)	2
141	1	N/A	-186.30974503037316	C18H30O3S	[M - H]-	OLFLFZSYUGEHAD	InChI=1S/C18H30O3S/c1-6-8-10-15(7-2)14-21-22(19,20)17-12-9-11-16(13-17)18(3,4)5/h9,11-13,15H,6-8,10,14H2,1-5H3	2-ethylhexyl 3-tert-butylbenzenesulfonate	CCCCC(CC)COS(=O)(=O)C1=CC=CC(=C1)C(C)(C)C	6.0	22436803	PubChem:(22436803)	2
142	1	N/A	-187.81769581181896	C18H30O3S	[M - H]-	GIBOBVZIEOVYIK	InChI=1S/C18H30O3S/c1-3-5-7-9-15-21-17-11-13-18(14-12-17)22(19,20)16-10-8-6-4-2/h11-14H,3-10,15-16H2,1-2H3	null	CCCCCCOC1=CC=C(C=C1)S(=O)(=O)CCCCCC	5.70261669	54083236	PubChem:(54083236)	2
143	1	N/A	-190.8644745908092	C18H30O3S	[M - H]-	FJBZYKITBXWRFL	InChI=1S/C18H30O3S/c1-7-17(4,5)16(12-14(2)3)18(6)11-9-8-10-15(13-18)22(19,20)21/h8-11,13-14,16H,7,12H2,1-6H3,(H,19,20,21)	null	CCC(C)(C)C(CC(C)C)C1(C=CC=CC(=C1)S(=O)(=O)O)C	5.9000001	126660425	PubChem:(126660425)	2
144	1	N/A	-190.91559968571278	C18H30O3S	[M - H]-	LCVNIQNQBLQOTE	InChI=1S/C18H30O3S/c1-17(2,3)14-18(4,5)15-8-10-16(11-9-15)21-12-6-7-13-22(19)20/h8-11H,6-7,12-14H2,1-5H3,(H,19,20)	4-[4-(2,4,4-trimethylpentan-2-yl)phenoxy]butane-1-sulfinate	CC(C)(C)CC(C)(C)C1=CC=C(C=C1)OCCCCS(=O)O	5.19999981	22908194;22908195	PubChem:(22908194 22908195)	2
145	1	N/A	-193.0727061170485	C18H30O3S	[M - H]-	AKSJDQQARMAYQN	InChI=1S/C18H30O3S/c1-5-10-15(2)17(4)16(3)11-9-14-21-22(19,20)18-12-7-6-8-13-18/h6-8,12-13,15-17H,5,9-11,14H2,1-4H3	null	CCCC(C)C(C)C(C)CCCOS(=O)(=O)C1=CC=CC=C1	5.9000001	134587593	PubChem:(134587593)	2
146	1	N/A	-193.07956881824347	C18H30O3S	[M - H]-	STKBTSKYUKKXGA	InChI=1S/C18H30O3S/c1-5-7-8-16(4)13-17(6-2)14-21-22(19,20)18-11-9-15(3)10-12-18/h9-12,16-17H,5-8,13-14H2,1-4H3	(2-ethyl-4-methyloctyl) 4-methylbenzenesulfonate	CCCCC(C)CC(CC)COS(=O)(=O)C1=CC=C(C=C1)C	6.0	21358779;59094018;59094061	PubChem:(21358779 59094018 59094061)	2
147	1	N/A	-197.33716593951735	C18H30O3S	[M - H]-	DKYXONVFDPKRNW	InChI=1S/C18H30O3S/c1-5-8-10-14(4)11-17-12-15(7-3)18(22(19,20)21)13-16(17)9-6-2/h12-14H,5-11H2,1-4H3,(H,19,20,21)	null	CCCCC(C)CC1=C(C=C(C(=C1)CC)S(=O)(=O)O)CCC	6.0	123234629	PubChem:(123234629)	2
148	1	N/A	-204.17425064547388	C18H30O3S	[M - H]-	ZGYJDDFLMQIPFN	InChI=1S/C18H30O3S/c19-22(20,21)18-16(14-8-3-1-4-9-14)12-7-13-17(18)15-10-5-2-6-11-15/h7,12,14-18H,1-6,8-11,13H2,(H,19,20,21)	null	C1CCC(CC1)C2CC=CC(C2S(=O)(=O)O)C3CCCCC3	5.9000001	123780149	PubChem:(123780149)	2
149	1	N/A	-206.1282714957429	C18H30O3S	[M - H]-	AVVDUWUSRVXUFF	InChI=1S/C18H30O3S/c1-2-3-4-5-6-7-12-20-17-8-10-18(11-9-17)21-14-13-19-15-16-22/h8-11,22H,2-7,12-16H2,1H3	Ethanethiol, 2-[2-[4-(octyloxy)phenoxy]ethoxy]-	CCCCCCCCOC1=CC=C(C=C1)OCCOCCS	5.02279043	71377691	PubChem:(71377691)	2
150	1	N/A	-208.46961489278493	C18H30O3S	[M - H]-	RVCJZIHAUMQDEV	InChI=1S/C18H30O3S/c1-18(2,3)22(19,20)15-9-7-5-6-8-10-16-11-13-17(21-4)14-12-16/h11-14H,5-10,15H2,1-4H3	1-(7-tert-butylsulfonylheptyl)-4-methoxybenzene	CC(C)(C)S(=O)(=O)CCCCCCCC1=CC=C(C=C1)OC	4.9000001	59545902	PubChem:(59545902)	2
151	1	N/A	-211.54056731977516	C18H30O3S	[M - H]-	ASKVTWIFRJBFNI	InChI=1S/C18H30O3S/c1-5-17-11-12-18(14-16(17)4)22(19,20)21-13-9-7-6-8-10-15(2)3/h11-12,14-15H,5-10,13H2,1-4H3	null	CCC1=C(C=C(C=C1)S(=O)(=O)OCCCCCCC(C)C)C	6.0	53659789	PubChem:(53659789)	2
152	1	N/A	-215.35245162310844	C18H30O3S	[M - H]-	MZXXQRYXVCPFJM	InChI=1S/C18H30O3S/c1-5-9-17(10-6-2)13-15-20-22(19)21-16-14-18(11-7-3)12-8-4/h5-8,17-18H,1-4,9-16H2	null	C=CCC(CCOS(=O)OCCC(CC=C)CC=C)CC=C	5.80000019	118308954	PubChem:(118308954)	2
153	1	N/A	-220.5001746144918	C18H30O3S	[M - H]-	QLMRAQGCRBZPMR	InChI=1S/C18H30O3S/c1-3-4-5-6-7-8-9-10-11-14-18(22(19,20)21)15-12-17(2)13-16-18/h3,12-13,15H,1,4-11,14,16H2,2H3,(H,19,20,21)	4-methyl-1-undec-10-enylcyclohexa-2,4-diene-1-sulfonate	CC1=CCC(C=C1)(CCCCCCCCCC=C)S(=O)(=O)O	5.4000001	18517308;18517309	PubChem:(18517308 18517309)	2
154	1	N/A	-221.19439171013323	C18H30O3S	[M - H]-	XVFUMJQYAOISDQ	InChI=1S/C18H30O3S/c1-16(2)22(19,20)15-9-7-5-4-6-8-10-17-11-13-18(21-3)14-12-17/h11-14,16H,4-10,15H2,1-3H3	1-methoxy-4-(8-propan-2-ylsulfonyloctyl)benzene	CC(C)S(=O)(=O)CCCCCCCCC1=CC=C(C=C1)OC	5.19999981	59546244	PubChem:(59546244)	2
155	1	N/A	-228.87776300993073	C18H30O3S	[M - H]-	DNGRJGRGHVFFFD	InChI=1S/C18H30O3S/c1-8-9-12-22(19,20)21-16-11-10-14(17(2,3)4)13-15(16)18(5,6)7/h10-11,13H,8-9,12H2,1-7H3	null	CCCCS(=O)(=O)OC1=C(C=C(C=C1)C(C)(C)C)C(C)(C)C	6.0999999	123614725	PubChem:(123614725)	2
156	1	N/A	-229.70955007660484	C18H30O3S	[M - H]-	WAXVHLLORKSOLP	InChI=1S/C18H30O3S/c1-2-3-4-5-6-7-8-9-13-17(22)15-16(19)12-10-11-14-18(20)21/h6-7,9,13,17,22H,2-5,8,10-12,14-15H2,1H3,(H,20,21)	null	CCCCCC=CCC=CC(CC(=O)CCCCC(=O)O)S	4.19999981	24875304	PubChem:(24875304);PubChem class - bio and metabolites	16777218
157	1	N/A	-232.07915532813064	C18H30O3S	[M - H]-	MIZARZYEMOQWGK	InChI=1S/C18H30O3S/c1-2-3-4-5-6-7-13-17(22)14-10-12-16(19)11-8-9-15-18(20)21/h6-7,10,14,17,22H,2-5,8-9,11-13,15H2,1H3,(H,20,21)	null	CCCCCC=CCC(C=CCC(=O)CCCCC(=O)O)S	4.19999981	24875305	PubChem:(24875305);PubChem class - bio and metabolites	16777218
158	1	N/A	-232.0974344205669	C18H30O3S	[M - H]-	QKUABHDNDWEVGJ	InChI=1S/C18H30O3S/c1-7-11-17(12-8-2)15(5)20-22(19)21-16(6)18(13-9-3)14-10-4/h7-10,15-18H,1-4,11-14H2,5-6H3	null	CC(C(CC=C)CC=C)OS(=O)OC(C)C(CC=C)CC=C	6.0	118308952	PubChem:(118308952)	2
159	1	N/A	-236.5814375709243	C18H30O3S	[M - H]-	MLXSBRXZUMBJPZ	InChI=1S/C18H30O3S/c1-3-5-12-18(16-19,13-6-4-2)14-15-22(20,21)17-10-8-7-9-11-17/h7-11,19H,3-6,12-16H2,1-2H3	null	CCCCC(CCCC)(CCS(=O)(=O)C1=CC=CC=C1)CO	4.9000001	122231180	PubChem:(122231180)	2
160	1	N/A	-237.3189634029932	C18H30O3S	[M - H]-	IFTXUYAYHLVBIQ	InChI=1S/C18H30O3S/c1-4-7-9-11-16-13-14-18(21-22(19,20)6-3)17(15-16)12-10-8-5-2/h13-15H,4-12H2,1-3H3	null	CCCCCC1=CC(=C(C=C1)OS(=O)(=O)CC)CCCCC	6.69999981	88574387	PubChem:(88574387)	2
161	1	N/A	-237.41834960244415	C18H30O3S	[M - H]-	VKLHMDAICFUOIJ	InChI=1S/C18H30O3S/c1-4-11-18(19,12-5-2)13-10-16-8-7-9-17(15-16)22(20,21)14-6-3/h7-9,15,19H,4-6,10-14H2,1-3H3	null	CCCC(CCC)(CCC1=CC(=CC=C1)S(=O)(=O)CCC)O	4.4000001	68072883	PubChem:(68072883)	2
162	1	N/A	-245.17731281143432	C18H30O3S	[M - H]-	BJVNZPPHKJPMDD	InChI=1S/C18H30O3S/c1-3-4-5-6-7-8-12-22(21)15(2)13-16-10-9-11-17(14-16)18(19)20/h9-11,14-15,18-20H,3-8,12-13H2,1-2H3	null	CCCCCCCCS(=O)C(C)CC1=CC(=CC=C1)C(O)O	3.5999999	70355000	PubChem:(70355000)	2
163	1	N/A	-248.3212805962929	C18H30O3S	[M - H]-	OECIRORXALPNQN	InChI=1S/C18H30O3S/c1-5-7-12-22(19,20)14-15(3)17-10-8-11-18(13-17)21-16(4)9-6-2/h8,10-11,13,15-16H,5-7,9,12,14H2,1-4H3	null	CCCCS(=O)(=O)CC(C)C1=CC(=CC=C1)OC(C)CCC	4.80000019	58218194;58218245	PubChem:(58218194 58218245)	2
164	1	N/A	-249.40921181387168	C18H30O3S	[M - H]-	RBGISUDJMVOIKL	InChI=1S/C18H30O3S/c1-6-8-9-10-13-21-16-12-11-15(18(3,4)7-2)14-17(16)22(19)20-5/h11-12,14H,6-10,13H2,1-5H3	methyl 2-hexoxy-5-(2-methylbutan-2-yl)benzenesulfinate	CCCCCCOC1=C(C=C(C=C1)C(C)(C)CC)S(=O)OC	6.0	20652767	PubChem:(20652767)	2
165	1	N/A	-251.05722300227052	C18H30O3S	[M - H]-	MUFIWPDTDIKAOA	InChI=1S/C18H30O3S/c1-7-17(4,5)21-14-13-18(6,8-2)22(19,20)16-11-9-15(3)10-12-16/h9-12H,7-8,13-14H2,1-6H3	null	CCC(C)(C)OCCC(C)(CC)S(=O)(=O)C1=CC=C(C=C1)C	4.4000001	71211508	PubChem:(71211508)	2
166	1	N/A	-251.7219579766953	C18H30O3S	[M - H]-	OQIPVBGCDQCUQV	InChI=1S/C18H30O3S/c1-8-9-14-15(11(2)3)10-16(12(4)5)18(22(19,20)21)17(14)13(6)7/h10-13H,8-9H2,1-7H3,(H,19,20,21)	null	CCCC1=C(C(=C(C=C1C(C)C)C(C)C)S(=O)(=O)O)C(C)C	5.4000001	91312475	PubChem:(91312475)	2
167	1	N/A	-254.6337294223923	C18H30O3S	[M - H]-	KGWRDVJRZCVYDR	InChI=1S/C18H30O3S/c1-7-8-11-21-15-10-9-14(12-16(15)22(19)20)18(5,6)13-17(2,3)4/h9-10,12H,7-8,11,13H2,1-6H3,(H,19,20)	2-butoxy-5-(2,4,4-trimethylpentan-2-yl)benzenesulfinate	CCCCOC1=C(C=C(C=C1)C(C)(C)CC(C)(C)C)S(=O)O	5.69999981	22634775;22634776	PubChem:(22634775 22634776)	2
168	1	N/A	-256.778054375835	C18H30O3S	[M - H]-	OCOMASCTMMSBHR	InChI=1S/C18H30O3S/c1-6-7-11-22(19,20)13-15(2)16-9-8-10-17(12-16)21-14-18(3,4)5/h8-10,12,15H,6-7,11,13-14H2,1-5H3	null	CCCCS(=O)(=O)CC(C)C1=CC(=CC=C1)OCC(C)(C)C	4.80000019	58218484	PubChem:(58218484)	2
169	1	N/A	-260.4876149919372	C18H30O3S	[M - H]-	GEEZROQVFPDTHG	InChI=1S/C18H30O3S/c1-4-7-10-15(6-3)14-22(20,21)17-12-8-11-16(13-17)18(19)9-5-2/h8,11-13,15,18-19H,4-7,9-10,14H2,1-3H3	null	CCCCC(CC)CS(=O)(=O)C1=CC=CC(=C1)C(CCC)O	4.69999981	90843334	PubChem:(90843334)	2
170	1	N/A	-260.63795543486583	C18H30O3S	[M - H]-	IRCYQSTWQYJKET	InChI=1S/C18H30O3S/c1-5-7-11-22(19,20)14-16(4)17-9-8-10-18(12-17)21-13-15(3)6-2/h8-10,12,15-16H,5-7,11,13-14H2,1-4H3	null	CCCCS(=O)(=O)CC(C)C1=CC(=CC=C1)OCC(C)CC	4.80000019	58218113	PubChem:(58218113)	2
171	1	N/A	-265.42945834269136	C18H30O3S	[M - H]-	GYTZDLDXSJLKLC	InChI=1S/C18H30O3S/c1-3-5-6-7-8-9-10-11-12-15-21-17-14-13-16(22-17)18(19)20-4-2/h13-14H,3-12,15H2,1-2H3	null	CCCCCCCCCCCOC1=CC=C(S1)C(=O)OCC	7.5	53864516	PubChem:(53864516)	2
172	1	N/A	-267.9048296551801	C18H30O3S	[M - H]-	NADIMXQDGVEDEO	InChI=1S/C18H30O3S/c1-4-5-6-7-8-17(19)15(3)18(20)13-22(21)16-11-9-14(2)10-12-16/h9-12,15,17-20H,4-8,13H2,1-3H3	null	CCCCCCC(C(C)C(CS(=O)C1=CC=C(C=C1)C)O)O	3.79999995	51032430;51032431;51032432;51032433;102414482	PubChem:(51032430 51032431 51032432 51032433 102414482)	2
173	1	N/A	-270.1169757395024	C18H30O3S	[M - H]-	FSSDSYDXORBYRP	InChI=1S/C18H30O3S/c1-2-3-4-5-6-7-8-9-10-11-12-16-13-14-18(22(20)21)17(19)15-16/h13-14H,2-12,15H2,1H3,(H,20,21)/p-1	null	CCCCCCCCCCCCC1=CC=C(C(=O)C1)S(=O)[O-]	5.69999981	87909033	PubChem:(87909033)	2
174	1	N/A	-270.5933181039154	C18H30O3S	[M - H]-	ZVTUSOPIXOIPIU	InChI=1S/C18H30O3S/c1-7-16(4,19)12-10-13(17(5,20)8-2)15(22)14(11-12)18(6,21)9-3/h10-11,19-22H,7-9H2,1-6H3	2-[3,5-bis(2-hydroxybutan-2-yl)-4-sulfanylphenyl]butan-2-ol	CCC(C)(C1=CC(=C(C(=C1)C(C)(CC)O)S)C(C)(CC)O)O	2.79999995	59095301	PubChem:(59095301)	2
175	1	N/A	-271.6920059140947	C18H30O3S	[M - H]-	MFAUCYXOCUZAJF	InChI=1S/C18H30O3S/c1-4-5-6-7-8-9-14-21-16-10-12-17(13-11-16)22-15-18(19-2)20-3/h10-13,18H,4-9,14-15H2,1-3H3	1-(2,2-dimethoxyethylsulfanyl)-4-octoxybenzene	CCCCCCCCOC1=CC=C(C=C1)SCC(OC)OC	5.69999981	19375100	PubChem:(19375100)	2
176	1	N/A	-281.76236901062185	C18H30O3S	[M - H]-	DIQPJQDSBZULGB	InChI=1S/C18H30O3S/c1-7-17(3,4)14-9-10-16(21-11-12-22(19)20)15(13-14)18(5,6)8-2/h9-10,13H,7-8,11-12H2,1-6H3,(H,19,20)	null	CCC(C)(C)C1=CC(=C(C=C1)OCCS(=O)O)C(C)(C)CC	5.5	57084655;57084656	PubChem:(57084655 57084656)	2
177	1	N/A	-281.8383905701687	C18H30O3S	[M - H]-	BMJYJJIIZNGPEM	InChI=1S/C18H30O3S/c1-11(2)15-9-16(12(3)4)18(17(10-15)13(5)6)22(19,20)21-14(7)8/h9-14H,1-8H3	null	CC(C)C1=CC(=C(C(=C1)C(C)C)S(=O)(=O)OC(C)C)C(C)C	5.4000001	118410166	PubChem:(118410166)	2
178	1	N/A	-283.12884894307854	C18H30O3S	[M - H]-	KMCUZZAWBBTNEV	InChI=1S/C18H30O3S/c1-15(7-6-13-18(2,3)20-4)12-14-21-16-8-10-17(11-9-16)22(5)19/h8-11,15H,6-7,12-14H2,1-5H3	1-(7-methoxy-3,7-dimethyloctoxy)-4-methylsulfinylbenzene	CC(CCCC(C)(C)OC)CCOC1=CC=C(C=C1)S(=O)C	3.9000001	22749883	PubChem:(22749883)	2
179	1	N/A	-283.62685051374075	C18H30O3S	[M - H]-	XAFZINDKKAKUIG	InChI=1S/C18H30O3S/c1-4-5-6-7-8-9-10-12-20-18(19)21-13-11-17-14-15(2)22-16(17)3/h14H,4-13H2,1-3H3	null	CCCCCCCCCOC(=O)OCCC1=C(SC(=C1)C)C	6.9000001	117708772	PubChem:(117708772)	2
180	1	N/A	-288.2510379709897	C18H30O3S	[M - H]-	PTWAPEJNMIYFDA	InChI=1S/C18H30O3S/c1-7-14(3)13-16(5)21-18(6,8-2)22(19,20)17-11-9-15(4)10-12-17/h9-12,14,16H,7-8,13H2,1-6H3	null	CCC(C)CC(C)OC(C)(CC)S(=O)(=O)C1=CC=C(C=C1)C	5.30000019	71177469	PubChem:(71177469)	2
181	1	N/A	-303.974451376404	C18H30O3S	[M - H]-	KZZUFLRAJFPVTH	InChI=1S/C18H30O3S/c1-14-11-16(18(3,4)5)12-15(2)17(14)13-22(20,21)10-8-6-7-9-19/h11-12,19H,6-10,13H2,1-5H3	null	CC1=CC(=CC(=C1CS(=O)(=O)CCCCCO)C)C(C)(C)C	3.9000001	60612426	PubChem:(60612426)	2
182	1	N/A	-305.9161245422808	C18H30O3S	[M - H]-	YRONRAMGOUGLNG	InChI=1S/C18H30O3S/c1-16(2,3)19-12-10-11-13(22)15(21-18(7,8)9)14(12)20-17(4,5)6/h10-11,22H,1-9H3	null	CC(C)(C)OC1=C(C(=C(C=C1)S)OC(C)(C)C)OC(C)(C)C	4.9000001	19046865	PubChem:(19046865)	2
183	1	N/A	-309.74877426382614	C18H30O3S	[M - H]-	PYOZJVZJZDPOCT	InChI=1S/C18H30O3S/c1-16(2)20-14-6-4-12-19-13-5-7-15-21-17-8-10-18(22-3)11-9-17/h8-11,16H,4-7,12-15H2,1-3H3	1-methylsulfanyl-4-[4-(4-propan-2-yloxybutoxy)butoxy]benzene	CC(C)OCCCCOCCCCOC1=CC=C(C=C1)SC	4.30000019	21434055	PubChem:(21434055)	2
184	1	N/A	-313.85314059628604	C18H30O3S	[M - H]-	JPEMDJLLVMCHRL	InChI=1S/C18H30O3S/c1-2-3-7-12-17(19)13-8-6-11-16-22-15-10-5-4-9-14-18(20)21/h5-6,8,10-11,13,17,19H,2-4,7,9,12,14-16H2,1H3,(H,20,21)	(E)-7-[(2E,4E)-6-hydroxyundeca-2,4-dienyl]sulfanylhept-5-enoic acid	CCCCCC(C=CC=CCSCC=CCCCC(=O)O)O	4.0999999	9905432;18433827;59977186;73444830;88147282;87983498;87983500;91365624	PubChem:(9905432 18433827 59977186 73444830 88147282 87983498 87983500 91365624)	2
185	1	N/A	-318.75457179807347	C18H30O3S	[M - H]-	ALQOPDPKGGOIQS	InChI=1S/C18H30O3S/c19-18(20)10-4-2-1-3-9-16-13-22-14-17(16)12-21-11-15-7-5-6-8-15/h1,3,15-17H,2,4-14H2,(H,19,20)	null	C1CCC(C1)COCC2CSCC2CC=CCCCC(=O)O	3.9000001	53649452;70486710	PubChem:(53649452 70486710)	2
186	1	N/A	-326.54102683731395	C18H30O3S	[M - H]-	FLHYHNJHDNHNAH	InChI=1S/C18H30O3S/c1-13(19)16-7-9-17(10-8-16)18(22)21-12-15-5-3-14(4-6-15)11-20-2/h14-17H,3-12H2,1-2H3	null	CC(=O)C1CCC(CC1)C(=S)OCC2CCC(CC2)COC	3.0999999	126606852	PubChem:(126606852)	2
187	1	N/A	-327.90686796747906	C18H30O3S	[M - H]-	ZNSJCGBBADWHHU	InChI=1S/C18H30O3S/c1-2-3-4-9-12-22-15-17-14-21-13-16(17)10-7-5-6-8-11-18(19)20/h4-5,7,9,16-17H,2-3,6,8,10-15H2,1H3,(H,19,20)	null	CCCC=CCSCC1COCC1CC=CCCCC(=O)O	4.0	54556775;70485723	PubChem:(54556775 70485723)	2
188	1	N/A	-328.9927024352509	C18H30O3S	[M - H]-	CTYZYWUDOIQXTI	InChI=1S/C18H30O3S/c1-4-11-19-16-10-9-15(8-7-14-22)17(20-12-5-2)18(16)21-13-6-3/h9-10,22H,4-8,11-14H2,1-3H3	null	CCCOC1=C(C(=C(C=C1)CCCS)OCCC)OCCC	5.4000001	83934181	PubChem:(83934181)	2
189	1	N/A	-332.9328591049126	C18H30O3S	[M - H]-	UZWUHXJSSTYNTA	InChI=1S/C18H30O3S/c1-5-13(4)15(19)10-8-6-7-9-14-16(20)11-17(18(14)21)22-12(2)3/h12-14,17H,5-11H2,1-4H3	null	CCC(C)C(=O)CCCCCC1C(=O)CC(C1=O)SC(C)C	4.0999999	139355868	PubChem:(139355868)	2
190	1	N/A	-333.95934039259583	C18H30O3S	[M - H]-	OSLCJBXBZYTJTJ	InChI=1S/C18H30O3S/c1-3-4-5-6-7-8-9-10-11-12-13-14-15-16-22-18(21-2)17(19)20/h7-8,10-11,13-14,18H,3-6,9,12,15-16H2,1-2H3,(H,19,20)	null	CCCCCC=CCC=CCC=CCCSC(C(=O)O)OC	5.69999981	129209503	PubChem:(129209503)	2
191	1	N/A	-335.35881867092115	C18H30O3S	[M - H]-	IXCYXXPIMGZOLU	InChI=1S/C18H30O3S/c19-18(20)11-7-2-1-4-8-15-13-22-14-16(15)12-21-17-9-5-3-6-10-17/h1,4,15-17H,2-3,5-14H2,(H,19,20)	null	C1CCC(CC1)OCC2CSCC2CC=CCCCC(=O)O	3.9000001	53940004;70400032;70400278;70485277	PubChem:(53940004 70400032 70400278 70485277)	2
192	1	N/A	-342.1346573744827	C18H30O3S	[M - H]-	IJUNORSJTMWFQM	InChI=1S/C18H30O3S/c1-3-4-5-6-7-8-11-22(19)15(2)12-16-9-10-17-18(13-16)21-14-20-17/h9-10,15-16H,3-8,11-14H2,1-2H3	null	CCCCCCCCS(=O)C(C)CC1CC2=C(C=C1)OCO2	4.68788052	""	KEGG Mine	8589934592
193	1	N/A	-342.61454505998034	C18H30O3S	[M - H]-	FVEQFYGTOHNXTR	InChI=1S/C18H30O3S/c1-3-4-5-6-7-8-9-10-11-12-13-14-15-16-21-18(22-2)17(19)20/h7-8,10-11,13-14,18H,3-6,9,12,15-16H2,1-2H3,(H,19,20)	null	CCCCCC=CCC=CCC=CCCOC(C(=O)O)SC	5.69999981	129209517	PubChem:(129209517)	2
194	1	N/A	-343.7997264108596	C18H30O3S	[M - H]-	KSGWZAKNMAQFKK	InChI=1S/C18H30O3S/c1-17(2,3)15(19)13-9-7-8-10-14(12-11-13)21-16(20)22-18(4,5)6/h8,10,13-14H,7,9,11-12H2,1-6H3	null	CC(C)(C)C(=O)C1CCC=CC(CC1)OC(=O)SC(C)(C)C	4.9000001	118458936	PubChem:(118458936)	2
195	1	N/A	-346.651040010619	C18H30O3S	[M - H]-	SVAUEIOOCTZNQS	InChI=1S/C18H30O3S/c1-17(2,3)15(19)13-9-7-11-14(12-8-10-13)21-16(20)22-18(4,5)6/h7,11,13-14H,8-10,12H2,1-6H3	null	CC(C)(C)C(=O)C1CCCC(C=CC1)OC(=O)SC(C)(C)C	4.9000001	118547653	PubChem:(118547653)	2
196	1	N/A	-355.1355153905635	C18H30O3S	[M - H]-	UZFFZCORERQRIR	InChI=1S/C18H30O3S/c1-3-4-5-6-7-8-9-10-11-12-13-22-17-16(19)14-15(2)21-18(17)20/h14,19H,3-13H2,1-2H3	null	CCCCCCCCCCCCSC1=C(C=C(OC1=O)C)O	6.80000019	54732815	PubChem:(54732815)	2
197	1	N/A	-359.4407869844062	C18H30O3S	[M - H]-	IGXVSRYMMKQCBV	InChI=1S/C18H30O3S/c19-18(20)10-4-2-1-3-7-15-13-22-14-16(15)11-12-21-17-8-5-6-9-17/h4,10,15-17H,1-3,5-9,11-14H2,(H,19,20)	null	C1CCC(C1)OCCC2CSCC2CCCCC=CC(=O)O	4.4000001	70399562;70399563	PubChem:(70399562 70399563)	2
198	1	N/A	-366.16943801960406	C18H30O3S	[M - H]-	MHDGUUGFVRWPTQ	InChI=1S/C18H30O3S/c1-3-4-5-6-7-8-11-22(19)15(2)12-16-9-10-17-18(13-16)21-14-20-17/h9-10,13,15,17-18H,3-8,11-12,14H2,1-2H3	null	CCCCCCCCS(=O)C(C)CC1=CC2C(C=C1)OCO2	3.83265424	""	KEGG Mine	8589934592
199	1	N/A	-369.0590125620168	C18H30O3S	[M - H]-	RQILNTUMDLZRIQ	InChI=1S/C18H30O3S/c1-4-5-6-7-16(22-3)13-15(19)10-8-14-9-11-17(20)18(12-14)21-2/h9,11-12,15-16,19-20H,4-8,10,13H2,1-3H3	null	CCCCCC(CC(CCC1=CC(=C(C=C1)O)OC)O)SC	5.09783316	118753239	PubChem:(118753239);PubMed	66
200	1	N/A	-371.5628165309197	C18H30O3S	[M - H]-	CCPKZZSHTPMJLH	InChI=1S/C18H30O3S/c1-18(2,3)17(20)21-12-7-5-4-6-8-13-22-16-11-9-10-15(19)14-16/h6,8,16H,4-5,7,9-14H2,1-3H3	null	CC(C)(C)C(=O)OCCCCC=CCSC1CCCC(=O)C1	3.9000001	15084201	PubChem:(15084201)	2
201	1	N/A	-377.81505759465784	C18H30O3S	[M - H]-	KINKFACIYYJCGF	InChI=1S/C18H30O3S/c1-12(2)10-22-11-14-8-6-5-7-13-9-15-16(19)20-17(3,4)21-18(13,14)15/h12-15H,5-11H2,1-4H3	null	CC(C)CSCC1CCCCC2C13C(C2)C(=O)OC(O3)(C)C	4.5	102573450	PubChem:(102573450)	2
202	1	N/A	-380.81487778916056	C18H30O3S	[M - H]-	HPCXQZWBEQUWJV	InChI=1S/C18H30O3S/c1-13(19)22-9-8-16(20)21-17(2,3)18(4)11-14-6-5-7-15(10-14)12-18/h14-15H,5-12H2,1-4H3	null	CC(=O)SCCC(=O)OC(C)(C)C1(CC2CCCC(C2)C1)C	4.69999981	89288956	PubChem:(89288956)	2
203	1	N/A	-382.0557597238372	C18H30O3S	[M - H]-	SXHIRDUXMMCQGM	InChI=1S/C18H30O3S/c1-3-4-5-6-7-8-11-22(19)15(2)12-16-9-10-17-18(13-16)21-14-20-17/h13,15H,3-12,14H2,1-2H3	null	CCCCCCCCS(=O)C(C)CC1=CC2=C(CC1)OCO2	4.80658102	""	KEGG Mine	8589934592
204	1	N/A	-386.3847776614764	C18H30O3S	[M - H]-	PYVYJNYLDNEIIC	InChI=1S/C18H30O3S/c1-12-8-7-9-18(4,5)16(12)15(19)10-14(3)22-11-13(2)17(20)21-6/h7-8,12-14,16H,9-11H2,1-6H3	null	CC1C=CCC(C1C(=O)CC(C)SCC(C)C(=O)OC)(C)C	4.0	122501715	PubChem:(122501715)	2
205	1	N/A	-392.21033605619294	C18H30O3S	[M - H]-	GGCPETSUFBTBRA	InChI=1S/C18H30O3S/c1-2-3-12-22-13-15-14(16-10-11-17(15)21-16)8-6-4-5-7-9-18(19)20/h4,6,14-17H,2-3,5,7-13H2,1H3,(H,19,20)	null	CCCCSCC1C2CCC(C1CC=CCCCC(=O)O)O2	4.0	44387221	PubChem:(44387221);PubMed	66
206	1	N/A	-394.01645681714774	C18H30O3S	[M - H]-	AXQYSPMGMOTCBJ	InChI=1S/C18H30O3S/c1-2-3-8-13-22-18-14(15-11-12-16(18)21-15)9-6-4-5-7-10-17(19)20/h3,8,14-16,18H,2,4-7,9-13H2,1H3,(H,19,20)	7-[3-[(E)-pent-2-enyl]sulfanyl-7-oxabicyclo[2.2.1]heptan-2-yl]heptanoic acid	CCC=CCSC1C2CCC(C1CCCCCCC(=O)O)O2	4.5999999	20237943;53667614;57098473	PubChem:(20237943 53667614 57098473)	2
207	1	N/A	-395.1682611822602	C18H30O3S	[M - H]-	MNXDSRKIJHLFJP	InChI=1S/C18H30O3S/c1-2-3-4-5-6-7-12-22-18-14-16(13-17(18)19)21-15-8-10-20-11-9-15/h14-16H,2-13H2,1H3	null	CCCCCCCCSC1=CC(CC1=O)OC2CCOCC2	4.5	57028483	PubChem:(57028483)	2
208	1	N/A	-402.779399407338	C18H30O3S	[M - H]-	MUDFWSHAUXODDV	InChI=1S/C18H30O3S/c1-3-5-6-7-8-9-10-11-12-13-22-17-15-20-14-16(17)18(19)21-4-2/h14-15H,3-13H2,1-2H3	null	CCCCCCCCCCCSC1=COC=C1C(=O)OCC	6.80000019	54091433	PubChem:(54091433)	2
209	1	N/A	-410.3251462419743	C18H30O3S	[M - H]-	VKRWARATLWAOQW	InChI=1S/C18H30O3S/c1-6-7-8-9-10-15(13-22-12-14(2)3)16-11-17(19)21-18(4,5)20-16/h6,11,14-15H,1,7-10,12-13H2,2-5H3	null	CC(C)CSCC(CCCCC=C)C1=CC(=O)OC(O1)(C)C	5.4000001	102573449	PubChem:(102573449)	2
210	1	N/A	-412.75746217145553	C18H30O3S	[M - H]-	SNNONVPUWIFDQL	InChI=1S/C18H30O3S/c1-13(10-12-22(20,21)17(2,3)4)14-8-9-15-16(19)7-6-11-18(14,15)5/h8,13,15H,6-7,9-12H2,1-5H3	null	CC(CCS(=O)(=O)C(C)(C)C)C1=CCC2C1(CCCC2=O)C	3.0	10496399	PubChem:(10496399)	2
211	1	N/A	-415.10269232744565	C18H30O3S	[M - H]-	CNMAHPOFNYMRJJ	InChI=1S/C18H30O3S/c1-8-15-10-16(12(3)4)14(7)17(13(5)6)18(15)22(20,11-19)21-9-2/h10,12-14,16H,8-9H2,1-7H3	null	CCC1=CC(C(C(=C1S(=C=O)(=O)OCC)C(C)C)C)C(C)C	5.0	123679207	PubChem:(123679207)	2
212	1	N/A	-415.68586651739355	C18H30O3S	[M - H]-	XXGWHOXYPKFDEV	InChI=1S/C18H30O3S/c1-12-7-8-14-15(10-12)21-18(22-17(14,2)3)9-5-6-13(18)11-16(19)20-4/h12-15H,5-11H2,1-4H3	null	CC1CCC2C(C1)OC3(CCCC3CC(=O)OC)SC2(C)C	4.19999981	101656507;101656506;101656508;101656509	PubChem:(101656507 101656506 101656508 101656509)	2
213	1	N/A	-416.0153680092952	C18H30O3S	[M - H]-	BYMZEYOTMJJORW	InChI=1S/C18H30O3S/c1-3-4-11-22-18-14-10-9-13(12-14)17(18)15(19)7-5-6-8-16(20)21-2/h13-14,17-18H,3-12H2,1-2H3	null	CCCCSC1C2CCC(C2)C1C(=O)CCCCC(=O)OC	3.70000005	10925442;85317855	PubChem:(10925442 85317855)	2
214	1	N/A	-418.4632539649914	C18H30O3S	[M - H]-	CRGGCBMDDCYUTL	InChI=1S/C18H30O3S/c1-16(2,20)14-10-13-6-5-8-18(11-13,12-14)17(3,4)21-15(19)7-9-22/h10,13,20,22H,5-9,11-12H2,1-4H3	null	CC(C)(C1=CC2CCCC(C2)(C1)C(C)(C)OC(=O)CCS)O	2.79999995	89125263	PubChem:(89125263)	2
215	1	N/A	-418.59981039351834	C18H30O3S	[M - H]-	OVNWGJSAIYIIJZ	InChI=1S/C18H30O3S/c1-6-14(4)18(5,8-3)17(19)21-16(7-2)20-12-11-15-10-9-13-22-15/h9-10,13-14,16H,6-8,11-12H2,1-5H3	null	CCC(C)C(C)(CC)C(=O)OC(CC)OCCC1=CC=CS1	5.80000019	123586040	PubChem:(123586040)	2
216	1	N/A	-424.40370640086917	C18H30O3S	[M - H]-	KIFGQOYIQXYHIA	InChI=1S/C18H30O3S/c1-4-6-8-10-12-18(3)16(13-17(20)22-18)21-14-15(19)11-9-7-5-2/h13H,4-12,14H2,1-3H3	(5R)-5-hexyl-5-methyl-4-(2-oxoheptoxy)thiophen-2-one	CCCCCCC1(C(=CC(=O)S1)OCC(=O)CCCCC)C	5.19999981	59131232	PubChem:(59131232)	2
217	1	N/A	-426.32104475010675	C18H30O3S	[M - H]-	VOXYYAYEZNDVNM	InChI=1S/C18H30O3S/c1-3-5-13(19)6-7-15-16(18-9-8-17(15)21-18)12-14(20)10-11-22-4-2/h6-7,10,13,15-20H,3-5,8-9,11-12H2,1-2H3	null	CCCC(C=CC1C2CCC(C1CC(=CCSCC)O)O2)O	3.0999999	70454410	PubChem:(70454410)	2
218	1	N/A	-440.6914207085249	C18H30O3S	[M - H]-	XDVPXKVHCUXTIN	InChI=1S/C18H30O3S/c1-3-6-13(19)8-9-14-16-10-11-17(21-16)18(14)15(20)7-5-12-22-4-2/h3,5,7,13-20H,1,4,6,8-12H2,2H3	null	CCSCC=CC(C1C2CCC(C1CCC(CC=C)O)O2)O	2.9000001	57314837;70454446	PubChem:(57314837 70454446)	2
219	1	N/A	-450.2780690948414	C18H30O3S	[M - H]-	WOSGESHBZCKGKX	InChI=1S/C18H30O3S/c1-6-22-17(19)20-13-12-15(3)9-7-8-14(2)10-11-16-18(4,5)21-16/h8,12,16H,6-7,9-11,13H2,1-5H3	null	CCSC(=O)OCC=C(C)CCC=C(C)CCC1C(O1)(C)C	5.30000019	15677790	PubChem:(15677790);PubMed	66
220	1	N/A	-450.6856279312851	C18H30O3S	[M - H]-	RWBNFGOQYHTXSN	InChI=1S/C18H30O3S/c1-4-5-13-7-15-17-14(9-19-10-20-15)6-11(2)18(22)12(3)21-16(17)8-13/h7,11-14,16-18,22H,4-6,8-10H2,1-3H3	null	CCCC1CC2C3C(CC(C(C(O2)C)S)C)COCOC3=C1	4.19999981	123501251	PubChem:(123501251)	2
221	1	N/A	-456.06157420621935	C18H30O3S	[M - H]-	BUVVXXZCCPKXGA	InChI=1S/C18H30O3S/c1-4-5-12-22-13-14-9-10-15(18(2,3)17(14)19)21-16-8-6-7-11-20-16/h13,15-16H,4-12H2,1-3H3	null	CCCCSC=C1CCC(C(C1=O)(C)C)OC2CCCCO2	4.0999999	56974798	PubChem:(56974798)	2
222	1	N/A	-465.0782976680873	C18H30O3S	[M - H]-	QLFMULNLKRLSAS	InChI=1S/C18H30O3S/c1-16(2,3)18(19,17(4,5)6)15-14-13(12-22-15)20-10-8-7-9-11-21-14/h12,19H,7-11H2,1-6H3	null	CC(C)(C)C(C1=C2C(=CS1)OCCCCCO2)(C(C)(C)C)O	4.80000019	10860393	PubChem:(10860393)	2
223	1	N/A	-465.1612255666621	C18H30O3S	[M - H]-	FHHXKRPLJCEBIA	InChI=1S/C18H30O3S/c1-3-5-13(19)6-7-15-16(18-9-8-17(15)21-18)12-14(20)10-11-22-4-2/h6-7,13,15-19H,3-5,8-12H2,1-2H3	null	CCCC(C=CC1C2CCC(C1CC(=O)CCSCC)O2)O	2.5	57197190	PubChem:(57197190)	2
224	1	N/A	-518.7275049877642	C18H30O3S	[M - H]-	KVTFPNNAYRMAME	InChI=1S/C18H30O3S/c1-8-22-15-9-10-18(17(5,6)7,11-14(15)13(4)19)21-16(20)12(2)3/h14-15H,2,8-11H2,1,3-7H3	null	CCSC1CCC(CC1C(=O)C)(C(C)(C)C)OC(=O)C(=C)C	4.30000019	135225250	PubChem:(135225250)	2